--
-- PostgreSQL database dump
--

SET statement_timeout = 0;
SET lock_timeout = 0;
SET client_encoding = 'UTF8';
SET standard_conforming_strings = on;
SELECT pg_catalog.set_config('search_path', '', false);
SET check_function_bodies = false;
SET client_min_messages = warning;

--
-- Name: plpgsql; Type: EXTENSION; Schema: -; Owner: 
--

CREATE EXTENSION IF NOT EXISTS plpgsql WITH SCHEMA pg_catalog;


--
-- Name: EXTENSION plpgsql; Type: COMMENT; Schema: -; Owner: 
--

COMMENT ON EXTENSION plpgsql IS 'PL/pgSQL procedural language';


SET default_tablespace = '';

SET default_with_oids = false;

--
-- Name: cms_apicustom; Type: TABLE; Schema: public; Owner: postgres; Tablespace: 
--

CREATE TABLE public.cms_apicustom (
    id integer NOT NULL,
    permalink character varying(255),
    tabel character varying(255),
    aksi character varying(255),
    kolom character varying(255),
    orderby character varying(255),
    sub_query_1 character varying(255),
    sql_where character varying(255),
    nama character varying(255),
    keterangan character varying(255),
    parameter character varying(255),
    created_at timestamp(0) without time zone,
    updated_at timestamp(0) without time zone,
    method_type character varying(25),
    parameters text,
    responses text
);


ALTER TABLE public.cms_apicustom OWNER TO postgres;

--
-- Name: cms_apicustom_id_seq; Type: SEQUENCE; Schema: public; Owner: postgres
--

CREATE SEQUENCE public.cms_apicustom_id_seq
    START WITH 1
    INCREMENT BY 1
    NO MINVALUE
    NO MAXVALUE
    CACHE 1;


ALTER TABLE public.cms_apicustom_id_seq OWNER TO postgres;

--
-- Name: cms_apicustom_id_seq; Type: SEQUENCE OWNED BY; Schema: public; Owner: postgres
--

ALTER SEQUENCE public.cms_apicustom_id_seq OWNED BY public.cms_apicustom.id;


--
-- Name: cms_apikey; Type: TABLE; Schema: public; Owner: postgres; Tablespace: 
--

CREATE TABLE public.cms_apikey (
    id integer NOT NULL,
    screetkey character varying(255),
    hit integer,
    status character varying(25) DEFAULT 'active'::character varying NOT NULL,
    created_at timestamp(0) without time zone,
    updated_at timestamp(0) without time zone
);


ALTER TABLE public.cms_apikey OWNER TO postgres;

--
-- Name: cms_apikey_id_seq; Type: SEQUENCE; Schema: public; Owner: postgres
--

CREATE SEQUENCE public.cms_apikey_id_seq
    START WITH 1
    INCREMENT BY 1
    NO MINVALUE
    NO MAXVALUE
    CACHE 1;


ALTER TABLE public.cms_apikey_id_seq OWNER TO postgres;

--
-- Name: cms_apikey_id_seq; Type: SEQUENCE OWNED BY; Schema: public; Owner: postgres
--

ALTER SEQUENCE public.cms_apikey_id_seq OWNED BY public.cms_apikey.id;


--
-- Name: cms_dashboard; Type: TABLE; Schema: public; Owner: postgres; Tablespace: 
--

CREATE TABLE public.cms_dashboard (
    id integer NOT NULL,
    name character varying(255),
    id_cms_privileges integer,
    content text,
    created_at timestamp(0) without time zone,
    updated_at timestamp(0) without time zone
);


ALTER TABLE public.cms_dashboard OWNER TO postgres;

--
-- Name: cms_dashboard_id_seq; Type: SEQUENCE; Schema: public; Owner: postgres
--

CREATE SEQUENCE public.cms_dashboard_id_seq
    START WITH 1
    INCREMENT BY 1
    NO MINVALUE
    NO MAXVALUE
    CACHE 1;


ALTER TABLE public.cms_dashboard_id_seq OWNER TO postgres;

--
-- Name: cms_dashboard_id_seq; Type: SEQUENCE OWNED BY; Schema: public; Owner: postgres
--

ALTER SEQUENCE public.cms_dashboard_id_seq OWNED BY public.cms_dashboard.id;


--
-- Name: cms_email_queues; Type: TABLE; Schema: public; Owner: postgres; Tablespace: 
--

CREATE TABLE public.cms_email_queues (
    id integer NOT NULL,
    send_at timestamp(0) without time zone,
    email_recipient character varying(255),
    email_from_email character varying(255),
    email_from_name character varying(255),
    email_cc_email character varying(255),
    email_subject character varying(255),
    email_content text,
    email_attachments text,
    is_sent boolean,
    created_at timestamp(0) without time zone,
    updated_at timestamp(0) without time zone
);


ALTER TABLE public.cms_email_queues OWNER TO postgres;

--
-- Name: cms_email_queues_id_seq; Type: SEQUENCE; Schema: public; Owner: postgres
--

CREATE SEQUENCE public.cms_email_queues_id_seq
    START WITH 1
    INCREMENT BY 1
    NO MINVALUE
    NO MAXVALUE
    CACHE 1;


ALTER TABLE public.cms_email_queues_id_seq OWNER TO postgres;

--
-- Name: cms_email_queues_id_seq; Type: SEQUENCE OWNED BY; Schema: public; Owner: postgres
--

ALTER SEQUENCE public.cms_email_queues_id_seq OWNED BY public.cms_email_queues.id;


--
-- Name: cms_email_templates; Type: TABLE; Schema: public; Owner: postgres; Tablespace: 
--

CREATE TABLE public.cms_email_templates (
    id integer NOT NULL,
    name character varying(255),
    slug character varying(255),
    subject character varying(255),
    content text,
    description character varying(255),
    from_name character varying(255),
    from_email character varying(255),
    cc_email character varying(255),
    created_at timestamp(0) without time zone,
    updated_at timestamp(0) without time zone
);


ALTER TABLE public.cms_email_templates OWNER TO postgres;

--
-- Name: cms_email_templates_id_seq; Type: SEQUENCE; Schema: public; Owner: postgres
--

CREATE SEQUENCE public.cms_email_templates_id_seq
    START WITH 1
    INCREMENT BY 1
    NO MINVALUE
    NO MAXVALUE
    CACHE 1;


ALTER TABLE public.cms_email_templates_id_seq OWNER TO postgres;

--
-- Name: cms_email_templates_id_seq; Type: SEQUENCE OWNED BY; Schema: public; Owner: postgres
--

ALTER SEQUENCE public.cms_email_templates_id_seq OWNED BY public.cms_email_templates.id;


--
-- Name: cms_logs; Type: TABLE; Schema: public; Owner: postgres; Tablespace: 
--

CREATE TABLE public.cms_logs (
    id integer NOT NULL,
    ipaddress character varying(50),
    useragent character varying(255),
    url character varying(255),
    description character varying(255),
    id_cms_users integer,
    created_at timestamp(0) without time zone,
    updated_at timestamp(0) without time zone,
    details text
);


ALTER TABLE public.cms_logs OWNER TO postgres;

--
-- Name: cms_logs_id_seq; Type: SEQUENCE; Schema: public; Owner: postgres
--

CREATE SEQUENCE public.cms_logs_id_seq
    START WITH 1
    INCREMENT BY 1
    NO MINVALUE
    NO MAXVALUE
    CACHE 1;


ALTER TABLE public.cms_logs_id_seq OWNER TO postgres;

--
-- Name: cms_logs_id_seq; Type: SEQUENCE OWNED BY; Schema: public; Owner: postgres
--

ALTER SEQUENCE public.cms_logs_id_seq OWNED BY public.cms_logs.id;


--
-- Name: cms_menus; Type: TABLE; Schema: public; Owner: postgres; Tablespace: 
--

CREATE TABLE public.cms_menus (
    id integer NOT NULL,
    name character varying(255),
    type character varying(255) DEFAULT 'url'::character varying NOT NULL,
    path character varying(255),
    color character varying(255),
    icon character varying(255),
    parent_id integer,
    is_active boolean DEFAULT true NOT NULL,
    is_dashboard boolean DEFAULT false NOT NULL,
    id_cms_privileges integer,
    sorting integer,
    created_at timestamp(0) without time zone,
    updated_at timestamp(0) without time zone
);


ALTER TABLE public.cms_menus OWNER TO postgres;

--
-- Name: cms_menus_id_seq; Type: SEQUENCE; Schema: public; Owner: postgres
--

CREATE SEQUENCE public.cms_menus_id_seq
    START WITH 1
    INCREMENT BY 1
    NO MINVALUE
    NO MAXVALUE
    CACHE 1;


ALTER TABLE public.cms_menus_id_seq OWNER TO postgres;

--
-- Name: cms_menus_id_seq; Type: SEQUENCE OWNED BY; Schema: public; Owner: postgres
--

ALTER SEQUENCE public.cms_menus_id_seq OWNED BY public.cms_menus.id;


--
-- Name: cms_menus_privileges; Type: TABLE; Schema: public; Owner: postgres; Tablespace: 
--

CREATE TABLE public.cms_menus_privileges (
    id integer NOT NULL,
    id_cms_menus integer,
    id_cms_privileges integer
);


ALTER TABLE public.cms_menus_privileges OWNER TO postgres;

--
-- Name: cms_menus_privileges_id_seq; Type: SEQUENCE; Schema: public; Owner: postgres
--

CREATE SEQUENCE public.cms_menus_privileges_id_seq
    START WITH 1
    INCREMENT BY 1
    NO MINVALUE
    NO MAXVALUE
    CACHE 1;


ALTER TABLE public.cms_menus_privileges_id_seq OWNER TO postgres;

--
-- Name: cms_menus_privileges_id_seq; Type: SEQUENCE OWNED BY; Schema: public; Owner: postgres
--

ALTER SEQUENCE public.cms_menus_privileges_id_seq OWNED BY public.cms_menus_privileges.id;


--
-- Name: cms_moduls; Type: TABLE; Schema: public; Owner: postgres; Tablespace: 
--

CREATE TABLE public.cms_moduls (
    id integer NOT NULL,
    name character varying(255),
    icon character varying(255),
    path character varying(255),
    table_name character varying(255),
    controller character varying(255),
    is_protected boolean DEFAULT false NOT NULL,
    is_active boolean DEFAULT false NOT NULL,
    created_at timestamp(0) without time zone,
    updated_at timestamp(0) without time zone,
    deleted_at timestamp(0) without time zone
);


ALTER TABLE public.cms_moduls OWNER TO postgres;

--
-- Name: cms_moduls_id_seq; Type: SEQUENCE; Schema: public; Owner: postgres
--

CREATE SEQUENCE public.cms_moduls_id_seq
    START WITH 1
    INCREMENT BY 1
    NO MINVALUE
    NO MAXVALUE
    CACHE 1;


ALTER TABLE public.cms_moduls_id_seq OWNER TO postgres;

--
-- Name: cms_moduls_id_seq; Type: SEQUENCE OWNED BY; Schema: public; Owner: postgres
--

ALTER SEQUENCE public.cms_moduls_id_seq OWNED BY public.cms_moduls.id;


--
-- Name: cms_notifications; Type: TABLE; Schema: public; Owner: postgres; Tablespace: 
--

CREATE TABLE public.cms_notifications (
    id integer NOT NULL,
    id_cms_users integer,
    content character varying(255),
    url character varying(255),
    is_read boolean,
    created_at timestamp(0) without time zone,
    updated_at timestamp(0) without time zone
);


ALTER TABLE public.cms_notifications OWNER TO postgres;

--
-- Name: cms_notifications_id_seq; Type: SEQUENCE; Schema: public; Owner: postgres
--

CREATE SEQUENCE public.cms_notifications_id_seq
    START WITH 1
    INCREMENT BY 1
    NO MINVALUE
    NO MAXVALUE
    CACHE 1;


ALTER TABLE public.cms_notifications_id_seq OWNER TO postgres;

--
-- Name: cms_notifications_id_seq; Type: SEQUENCE OWNED BY; Schema: public; Owner: postgres
--

ALTER SEQUENCE public.cms_notifications_id_seq OWNED BY public.cms_notifications.id;


--
-- Name: cms_privileges; Type: TABLE; Schema: public; Owner: postgres; Tablespace: 
--

CREATE TABLE public.cms_privileges (
    id integer NOT NULL,
    name character varying(255),
    is_superadmin boolean,
    theme_color character varying(255),
    created_at timestamp(0) without time zone,
    updated_at timestamp(0) without time zone
);


ALTER TABLE public.cms_privileges OWNER TO postgres;

--
-- Name: cms_privileges_id_seq; Type: SEQUENCE; Schema: public; Owner: postgres
--

CREATE SEQUENCE public.cms_privileges_id_seq
    START WITH 1
    INCREMENT BY 1
    NO MINVALUE
    NO MAXVALUE
    CACHE 1;


ALTER TABLE public.cms_privileges_id_seq OWNER TO postgres;

--
-- Name: cms_privileges_id_seq; Type: SEQUENCE OWNED BY; Schema: public; Owner: postgres
--

ALTER SEQUENCE public.cms_privileges_id_seq OWNED BY public.cms_privileges.id;


--
-- Name: cms_privileges_roles; Type: TABLE; Schema: public; Owner: postgres; Tablespace: 
--

CREATE TABLE public.cms_privileges_roles (
    id integer NOT NULL,
    is_visible boolean,
    is_create boolean,
    is_read boolean,
    is_edit boolean,
    is_delete boolean,
    id_cms_privileges integer,
    id_cms_moduls integer,
    created_at timestamp(0) without time zone,
    updated_at timestamp(0) without time zone
);


ALTER TABLE public.cms_privileges_roles OWNER TO postgres;

--
-- Name: cms_privileges_roles_id_seq; Type: SEQUENCE; Schema: public; Owner: postgres
--

CREATE SEQUENCE public.cms_privileges_roles_id_seq
    START WITH 1
    INCREMENT BY 1
    NO MINVALUE
    NO MAXVALUE
    CACHE 1;


ALTER TABLE public.cms_privileges_roles_id_seq OWNER TO postgres;

--
-- Name: cms_privileges_roles_id_seq; Type: SEQUENCE OWNED BY; Schema: public; Owner: postgres
--

ALTER SEQUENCE public.cms_privileges_roles_id_seq OWNED BY public.cms_privileges_roles.id;


--
-- Name: cms_settings; Type: TABLE; Schema: public; Owner: postgres; Tablespace: 
--

CREATE TABLE public.cms_settings (
    id integer NOT NULL,
    name character varying(255),
    content text,
    content_input_type character varying(255),
    dataenum character varying(255),
    helper character varying(255),
    created_at timestamp(0) without time zone,
    updated_at timestamp(0) without time zone,
    group_setting character varying(255),
    label character varying(255)
);


ALTER TABLE public.cms_settings OWNER TO postgres;

--
-- Name: cms_settings_id_seq; Type: SEQUENCE; Schema: public; Owner: postgres
--

CREATE SEQUENCE public.cms_settings_id_seq
    START WITH 1
    INCREMENT BY 1
    NO MINVALUE
    NO MAXVALUE
    CACHE 1;


ALTER TABLE public.cms_settings_id_seq OWNER TO postgres;

--
-- Name: cms_settings_id_seq; Type: SEQUENCE OWNED BY; Schema: public; Owner: postgres
--

ALTER SEQUENCE public.cms_settings_id_seq OWNED BY public.cms_settings.id;


--
-- Name: cms_statistic_components; Type: TABLE; Schema: public; Owner: postgres; Tablespace: 
--

CREATE TABLE public.cms_statistic_components (
    id integer NOT NULL,
    id_cms_statistics integer,
    "componentID" character varying(255),
    component_name character varying(255),
    area_name character varying(55),
    sorting integer,
    name character varying(255),
    config text,
    created_at timestamp(0) without time zone,
    updated_at timestamp(0) without time zone
);


ALTER TABLE public.cms_statistic_components OWNER TO postgres;

--
-- Name: cms_statistic_components_id_seq; Type: SEQUENCE; Schema: public; Owner: postgres
--

CREATE SEQUENCE public.cms_statistic_components_id_seq
    START WITH 1
    INCREMENT BY 1
    NO MINVALUE
    NO MAXVALUE
    CACHE 1;


ALTER TABLE public.cms_statistic_components_id_seq OWNER TO postgres;

--
-- Name: cms_statistic_components_id_seq; Type: SEQUENCE OWNED BY; Schema: public; Owner: postgres
--

ALTER SEQUENCE public.cms_statistic_components_id_seq OWNED BY public.cms_statistic_components.id;


--
-- Name: cms_statistics; Type: TABLE; Schema: public; Owner: postgres; Tablespace: 
--

CREATE TABLE public.cms_statistics (
    id integer NOT NULL,
    name character varying(255),
    slug character varying(255),
    created_at timestamp(0) without time zone,
    updated_at timestamp(0) without time zone
);


ALTER TABLE public.cms_statistics OWNER TO postgres;

--
-- Name: cms_statistics_id_seq; Type: SEQUENCE; Schema: public; Owner: postgres
--

CREATE SEQUENCE public.cms_statistics_id_seq
    START WITH 1
    INCREMENT BY 1
    NO MINVALUE
    NO MAXVALUE
    CACHE 1;


ALTER TABLE public.cms_statistics_id_seq OWNER TO postgres;

--
-- Name: cms_statistics_id_seq; Type: SEQUENCE OWNED BY; Schema: public; Owner: postgres
--

ALTER SEQUENCE public.cms_statistics_id_seq OWNED BY public.cms_statistics.id;


--
-- Name: cms_users; Type: TABLE; Schema: public; Owner: postgres; Tablespace: 
--

CREATE TABLE public.cms_users (
    id integer NOT NULL,
    name character varying(255),
    photo character varying(255),
    email character varying(255),
    password character varying(255),
    id_cms_privileges integer,
    created_at timestamp(0) without time zone,
    updated_at timestamp(0) without time zone,
    status character varying(50)
);


ALTER TABLE public.cms_users OWNER TO postgres;

--
-- Name: cms_users_id_seq; Type: SEQUENCE; Schema: public; Owner: postgres
--

CREATE SEQUENCE public.cms_users_id_seq
    START WITH 1
    INCREMENT BY 1
    NO MINVALUE
    NO MAXVALUE
    CACHE 1;


ALTER TABLE public.cms_users_id_seq OWNER TO postgres;

--
-- Name: cms_users_id_seq; Type: SEQUENCE OWNED BY; Schema: public; Owner: postgres
--

ALTER SEQUENCE public.cms_users_id_seq OWNED BY public.cms_users.id;


--
-- Name: employees; Type: TABLE; Schema: public; Owner: postgres; Tablespace: 
--

CREATE TABLE public.employees (
    id integer NOT NULL,
    name character varying(100) NOT NULL,
    nik character varying(20) NOT NULL,
    address character varying(255) NOT NULL,
    created_at timestamp(0) without time zone,
    updated_at timestamp(0) without time zone
);


ALTER TABLE public.employees OWNER TO postgres;

--
-- Name: employees_id_seq; Type: SEQUENCE; Schema: public; Owner: postgres
--

CREATE SEQUENCE public.employees_id_seq
    START WITH 1
    INCREMENT BY 1
    NO MINVALUE
    NO MAXVALUE
    CACHE 1;


ALTER TABLE public.employees_id_seq OWNER TO postgres;

--
-- Name: employees_id_seq; Type: SEQUENCE OWNED BY; Schema: public; Owner: postgres
--

ALTER SEQUENCE public.employees_id_seq OWNED BY public.employees.id;


--
-- Name: migrations; Type: TABLE; Schema: public; Owner: postgres; Tablespace: 
--

CREATE TABLE public.migrations (
    id integer NOT NULL,
    migration character varying(255) NOT NULL,
    batch integer NOT NULL
);


ALTER TABLE public.migrations OWNER TO postgres;

--
-- Name: migrations_id_seq; Type: SEQUENCE; Schema: public; Owner: postgres
--

CREATE SEQUENCE public.migrations_id_seq
    START WITH 1
    INCREMENT BY 1
    NO MINVALUE
    NO MAXVALUE
    CACHE 1;


ALTER TABLE public.migrations_id_seq OWNER TO postgres;

--
-- Name: migrations_id_seq; Type: SEQUENCE OWNED BY; Schema: public; Owner: postgres
--

ALTER SEQUENCE public.migrations_id_seq OWNED BY public.migrations.id;


--
-- Name: id; Type: DEFAULT; Schema: public; Owner: postgres
--

ALTER TABLE ONLY public.cms_apicustom ALTER COLUMN id SET DEFAULT nextval('public.cms_apicustom_id_seq'::regclass);


--
-- Name: id; Type: DEFAULT; Schema: public; Owner: postgres
--

ALTER TABLE ONLY public.cms_apikey ALTER COLUMN id SET DEFAULT nextval('public.cms_apikey_id_seq'::regclass);


--
-- Name: id; Type: DEFAULT; Schema: public; Owner: postgres
--

ALTER TABLE ONLY public.cms_dashboard ALTER COLUMN id SET DEFAULT nextval('public.cms_dashboard_id_seq'::regclass);


--
-- Name: id; Type: DEFAULT; Schema: public; Owner: postgres
--

ALTER TABLE ONLY public.cms_email_queues ALTER COLUMN id SET DEFAULT nextval('public.cms_email_queues_id_seq'::regclass);


--
-- Name: id; Type: DEFAULT; Schema: public; Owner: postgres
--

ALTER TABLE ONLY public.cms_email_templates ALTER COLUMN id SET DEFAULT nextval('public.cms_email_templates_id_seq'::regclass);


--
-- Name: id; Type: DEFAULT; Schema: public; Owner: postgres
--

ALTER TABLE ONLY public.cms_logs ALTER COLUMN id SET DEFAULT nextval('public.cms_logs_id_seq'::regclass);


--
-- Name: id; Type: DEFAULT; Schema: public; Owner: postgres
--

ALTER TABLE ONLY public.cms_menus ALTER COLUMN id SET DEFAULT nextval('public.cms_menus_id_seq'::regclass);


--
-- Name: id; Type: DEFAULT; Schema: public; Owner: postgres
--

ALTER TABLE ONLY public.cms_menus_privileges ALTER COLUMN id SET DEFAULT nextval('public.cms_menus_privileges_id_seq'::regclass);


--
-- Name: id; Type: DEFAULT; Schema: public; Owner: postgres
--

ALTER TABLE ONLY public.cms_moduls ALTER COLUMN id SET DEFAULT nextval('public.cms_moduls_id_seq'::regclass);


--
-- Name: id; Type: DEFAULT; Schema: public; Owner: postgres
--

ALTER TABLE ONLY public.cms_notifications ALTER COLUMN id SET DEFAULT nextval('public.cms_notifications_id_seq'::regclass);


--
-- Name: id; Type: DEFAULT; Schema: public; Owner: postgres
--

ALTER TABLE ONLY public.cms_privileges ALTER COLUMN id SET DEFAULT nextval('public.cms_privileges_id_seq'::regclass);


--
-- Name: id; Type: DEFAULT; Schema: public; Owner: postgres
--

ALTER TABLE ONLY public.cms_privileges_roles ALTER COLUMN id SET DEFAULT nextval('public.cms_privileges_roles_id_seq'::regclass);


--
-- Name: id; Type: DEFAULT; Schema: public; Owner: postgres
--

ALTER TABLE ONLY public.cms_settings ALTER COLUMN id SET DEFAULT nextval('public.cms_settings_id_seq'::regclass);


--
-- Name: id; Type: DEFAULT; Schema: public; Owner: postgres
--

ALTER TABLE ONLY public.cms_statistic_components ALTER COLUMN id SET DEFAULT nextval('public.cms_statistic_components_id_seq'::regclass);


--
-- Name: id; Type: DEFAULT; Schema: public; Owner: postgres
--

ALTER TABLE ONLY public.cms_statistics ALTER COLUMN id SET DEFAULT nextval('public.cms_statistics_id_seq'::regclass);


--
-- Name: id; Type: DEFAULT; Schema: public; Owner: postgres
--

ALTER TABLE ONLY public.cms_users ALTER COLUMN id SET DEFAULT nextval('public.cms_users_id_seq'::regclass);


--
-- Name: id; Type: DEFAULT; Schema: public; Owner: postgres
--

ALTER TABLE ONLY public.employees ALTER COLUMN id SET DEFAULT nextval('public.employees_id_seq'::regclass);


--
-- Name: id; Type: DEFAULT; Schema: public; Owner: postgres
--

ALTER TABLE ONLY public.migrations ALTER COLUMN id SET DEFAULT nextval('public.migrations_id_seq'::regclass);


--
-- Data for Name: cms_apicustom; Type: TABLE DATA; Schema: public; Owner: postgres
--

COPY public.cms_apicustom (id, permalink, tabel, aksi, kolom, orderby, sub_query_1, sql_where, nama, keterangan, parameter, created_at, updated_at, method_type, parameters, responses) FROM stdin;
\.


--
-- Name: cms_apicustom_id_seq; Type: SEQUENCE SET; Schema: public; Owner: postgres
--

SELECT pg_catalog.setval('public.cms_apicustom_id_seq', 1, false);


--
-- Data for Name: cms_apikey; Type: TABLE DATA; Schema: public; Owner: postgres
--

COPY public.cms_apikey (id, screetkey, hit, status, created_at, updated_at) FROM stdin;
\.


--
-- Name: cms_apikey_id_seq; Type: SEQUENCE SET; Schema: public; Owner: postgres
--

SELECT pg_catalog.setval('public.cms_apikey_id_seq', 1, false);


--
-- Data for Name: cms_dashboard; Type: TABLE DATA; Schema: public; Owner: postgres
--

COPY public.cms_dashboard (id, name, id_cms_privileges, content, created_at, updated_at) FROM stdin;
\.


--
-- Name: cms_dashboard_id_seq; Type: SEQUENCE SET; Schema: public; Owner: postgres
--

SELECT pg_catalog.setval('public.cms_dashboard_id_seq', 1, false);


--
-- Data for Name: cms_email_queues; Type: TABLE DATA; Schema: public; Owner: postgres
--

COPY public.cms_email_queues (id, send_at, email_recipient, email_from_email, email_from_name, email_cc_email, email_subject, email_content, email_attachments, is_sent, created_at, updated_at) FROM stdin;
\.


--
-- Name: cms_email_queues_id_seq; Type: SEQUENCE SET; Schema: public; Owner: postgres
--

SELECT pg_catalog.setval('public.cms_email_queues_id_seq', 1, false);


--
-- Data for Name: cms_email_templates; Type: TABLE DATA; Schema: public; Owner: postgres
--

COPY public.cms_email_templates (id, name, slug, subject, content, description, from_name, from_email, cc_email, created_at, updated_at) FROM stdin;
1	Email Template Forgot Password Backend	forgot_password_backend	\N	<p>Hi,</p><p>Someone requested forgot password, here is your new password : </p><p>[password]</p><p><br></p><p>--</p><p>Regards,</p><p>Admin</p>	[password]	System	system@crudbooster.com	\N	2018-03-20 07:02:37	\N
\.


--
-- Name: cms_email_templates_id_seq; Type: SEQUENCE SET; Schema: public; Owner: postgres
--

SELECT pg_catalog.setval('public.cms_email_templates_id_seq', 1, false);


--
-- Data for Name: cms_logs; Type: TABLE DATA; Schema: public; Owner: postgres
--

COPY public.cms_logs (id, ipaddress, useragent, url, description, id_cms_users, created_at, updated_at, details) FROM stdin;
1	127.0.0.1	Mozilla/5.0 (X11; Linux x86_64) AppleWebKit/537.36 (KHTML, like Gecko) Chrome/65.0.3325.146 Safari/537.36	http://localhost:8000/admin/login	admin@crudbooster.com login with IP Address 127.0.0.1	1	2018-03-20 07:03:46	\N	
2	127.0.0.1	Mozilla/5.0 (X11; Linux x86_64) AppleWebKit/537.36 (KHTML, like Gecko) Chrome/65.0.3325.146 Safari/537.36	http://127.0.0.1:8000/admin/login	admin@crudbooster.com login with IP Address 127.0.0.1	1	2018-03-20 07:52:57	\N	
3	127.0.0.1	Mozilla/5.0 (X11; Linux x86_64) AppleWebKit/537.36 (KHTML, like Gecko) Chrome/65.0.3325.146 Safari/537.36	http://127.0.0.1:8000/admin/login	admin@crudbooster.com login with IP Address 127.0.0.1	1	2018-03-20 09:45:43	\N	
4	127.0.0.1	Mozilla/5.0 (X11; Linux x86_64) AppleWebKit/537.36 (KHTML, like Gecko) Chrome/65.0.3325.146 Safari/537.36	http://127.0.0.1:8000/admin/employees/add-save	Add New Data 1009 at employee	1	2018-03-20 10:02:18	\N	
\.


--
-- Name: cms_logs_id_seq; Type: SEQUENCE SET; Schema: public; Owner: postgres
--

SELECT pg_catalog.setval('public.cms_logs_id_seq', 4, true);


--
-- Data for Name: cms_menus; Type: TABLE DATA; Schema: public; Owner: postgres
--

COPY public.cms_menus (id, name, type, path, color, icon, parent_id, is_active, is_dashboard, id_cms_privileges, sorting, created_at, updated_at) FROM stdin;
1	employee	Route	AdminEmployeesControllerGetIndex	\N	fa fa-glass	0	t	f	1	1	2018-03-20 07:11:15	\N
\.


--
-- Name: cms_menus_id_seq; Type: SEQUENCE SET; Schema: public; Owner: postgres
--

SELECT pg_catalog.setval('public.cms_menus_id_seq', 1, true);


--
-- Data for Name: cms_menus_privileges; Type: TABLE DATA; Schema: public; Owner: postgres
--

COPY public.cms_menus_privileges (id, id_cms_menus, id_cms_privileges) FROM stdin;
1	1	1
\.


--
-- Name: cms_menus_privileges_id_seq; Type: SEQUENCE SET; Schema: public; Owner: postgres
--

SELECT pg_catalog.setval('public.cms_menus_privileges_id_seq', 1, true);


--
-- Data for Name: cms_moduls; Type: TABLE DATA; Schema: public; Owner: postgres
--

COPY public.cms_moduls (id, name, icon, path, table_name, controller, is_protected, is_active, created_at, updated_at, deleted_at) FROM stdin;
1	Notifications	fa fa-cog	notifications	cms_notifications	NotificationsController	t	t	2018-03-20 07:02:37	\N	\N
2	Privileges	fa fa-cog	privileges	cms_privileges	PrivilegesController	t	t	2018-03-20 07:02:37	\N	\N
3	Privileges Roles	fa fa-cog	privileges_roles	cms_privileges_roles	PrivilegesRolesController	t	t	2018-03-20 07:02:37	\N	\N
4	Users Management	fa fa-users	users	cms_users	AdminCmsUsersController	f	t	2018-03-20 07:02:37	\N	\N
5	Settings	fa fa-cog	settings	cms_settings	SettingsController	t	t	2018-03-20 07:02:37	\N	\N
6	Module Generator	fa fa-database	module_generator	cms_moduls	ModulsController	t	t	2018-03-20 07:02:37	\N	\N
7	Menu Management	fa fa-bars	menu_management	cms_menus	MenusController	t	t	2018-03-20 07:02:37	\N	\N
8	Email Templates	fa fa-envelope-o	email_templates	cms_email_templates	EmailTemplatesController	t	t	2018-03-20 07:02:37	\N	\N
9	Statistic Builder	fa fa-dashboard	statistic_builder	cms_statistics	StatisticBuilderController	t	t	2018-03-20 07:02:37	\N	\N
10	API Generator	fa fa-cloud-download	api_generator		ApiCustomController	t	t	2018-03-20 07:02:37	\N	\N
11	Log User Access	fa fa-flag-o	logs	cms_logs	LogsController	t	t	2018-03-20 07:02:37	\N	\N
12	employee	fa fa-glass	employees	employees	AdminEmployeesController	f	f	2018-03-20 07:11:15	\N	\N
\.


--
-- Name: cms_moduls_id_seq; Type: SEQUENCE SET; Schema: public; Owner: postgres
--

SELECT pg_catalog.setval('public.cms_moduls_id_seq', 11, true);


--
-- Data for Name: cms_notifications; Type: TABLE DATA; Schema: public; Owner: postgres
--

COPY public.cms_notifications (id, id_cms_users, content, url, is_read, created_at, updated_at) FROM stdin;
\.


--
-- Name: cms_notifications_id_seq; Type: SEQUENCE SET; Schema: public; Owner: postgres
--

SELECT pg_catalog.setval('public.cms_notifications_id_seq', 1, false);


--
-- Data for Name: cms_privileges; Type: TABLE DATA; Schema: public; Owner: postgres
--

COPY public.cms_privileges (id, name, is_superadmin, theme_color, created_at, updated_at) FROM stdin;
1	Super Administrator	t	skin-red	2018-03-20 07:02:37	\N
\.


--
-- Name: cms_privileges_id_seq; Type: SEQUENCE SET; Schema: public; Owner: postgres
--

SELECT pg_catalog.setval('public.cms_privileges_id_seq', 1, false);


--
-- Data for Name: cms_privileges_roles; Type: TABLE DATA; Schema: public; Owner: postgres
--

COPY public.cms_privileges_roles (id, is_visible, is_create, is_read, is_edit, is_delete, id_cms_privileges, id_cms_moduls, created_at, updated_at) FROM stdin;
1	t	f	f	f	f	1	1	2018-03-20 07:02:37	\N
2	t	t	t	t	t	1	2	2018-03-20 07:02:37	\N
3	f	t	t	t	t	1	3	2018-03-20 07:02:37	\N
4	t	t	t	t	t	1	4	2018-03-20 07:02:37	\N
5	t	t	t	t	t	1	5	2018-03-20 07:02:37	\N
6	t	t	t	t	t	1	6	2018-03-20 07:02:37	\N
7	t	t	t	t	t	1	7	2018-03-20 07:02:37	\N
8	t	t	t	t	t	1	8	2018-03-20 07:02:37	\N
9	t	t	t	t	t	1	9	2018-03-20 07:02:37	\N
10	t	t	t	t	t	1	10	2018-03-20 07:02:37	\N
11	t	f	t	f	t	1	11	2018-03-20 07:02:37	\N
12	t	t	t	t	t	1	12	\N	\N
\.


--
-- Name: cms_privileges_roles_id_seq; Type: SEQUENCE SET; Schema: public; Owner: postgres
--

SELECT pg_catalog.setval('public.cms_privileges_roles_id_seq', 1, false);


--
-- Data for Name: cms_settings; Type: TABLE DATA; Schema: public; Owner: postgres
--

COPY public.cms_settings (id, name, content, content_input_type, dataenum, helper, created_at, updated_at, group_setting, label) FROM stdin;
1	login_background_color	\N	text	\N	Input hexacode	2018-03-20 07:02:37	\N	Login Register Style	Login Background Color
2	login_font_color	\N	text	\N	Input hexacode	2018-03-20 07:02:37	\N	Login Register Style	Login Font Color
3	login_background_image	\N	upload_image	\N	\N	2018-03-20 07:02:37	\N	Login Register Style	Login Background Image
4	email_sender	support@crudbooster.com	text	\N	\N	2018-03-20 07:02:37	\N	Email Setting	Email Sender
5	smtp_driver	mail	select	smtp,mail,sendmail	\N	2018-03-20 07:02:37	\N	Email Setting	Mail Driver
6	smtp_host		text	\N	\N	2018-03-20 07:02:37	\N	Email Setting	SMTP Host
7	smtp_port	25	text	\N	default 25	2018-03-20 07:02:37	\N	Email Setting	SMTP Port
8	smtp_username		text	\N	\N	2018-03-20 07:02:37	\N	Email Setting	SMTP Username
9	smtp_password		text	\N	\N	2018-03-20 07:02:37	\N	Email Setting	SMTP Password
10	appname	CRUDBooster	text	\N	\N	2018-03-20 07:02:37	\N	Application Setting	Application Name
11	default_paper_size	Legal	text	\N	Paper size, ex : A4, Legal, etc	2018-03-20 07:02:37	\N	Application Setting	Default Paper Print Size
12	logo		upload_image	\N	\N	2018-03-20 07:02:37	\N	Application Setting	Logo
13	favicon		upload_image	\N	\N	2018-03-20 07:02:37	\N	Application Setting	Favicon
14	api_debug_mode	true	select	true,false	\N	2018-03-20 07:02:37	\N	Application Setting	API Debug Mode
15	google_api_key		text	\N	\N	2018-03-20 07:02:37	\N	Application Setting	Google API Key
16	google_fcm_key		text	\N	\N	2018-03-20 07:02:37	\N	Application Setting	Google FCM Key
\.


--
-- Name: cms_settings_id_seq; Type: SEQUENCE SET; Schema: public; Owner: postgres
--

SELECT pg_catalog.setval('public.cms_settings_id_seq', 1, false);


--
-- Data for Name: cms_statistic_components; Type: TABLE DATA; Schema: public; Owner: postgres
--

COPY public.cms_statistic_components (id, id_cms_statistics, "componentID", component_name, area_name, sorting, name, config, created_at, updated_at) FROM stdin;
\.


--
-- Name: cms_statistic_components_id_seq; Type: SEQUENCE SET; Schema: public; Owner: postgres
--

SELECT pg_catalog.setval('public.cms_statistic_components_id_seq', 1, false);


--
-- Data for Name: cms_statistics; Type: TABLE DATA; Schema: public; Owner: postgres
--

COPY public.cms_statistics (id, name, slug, created_at, updated_at) FROM stdin;
\.


--
-- Name: cms_statistics_id_seq; Type: SEQUENCE SET; Schema: public; Owner: postgres
--

SELECT pg_catalog.setval('public.cms_statistics_id_seq', 1, false);


--
-- Data for Name: cms_users; Type: TABLE DATA; Schema: public; Owner: postgres
--

COPY public.cms_users (id, name, photo, email, password, id_cms_privileges, created_at, updated_at, status) FROM stdin;
1	Super Admin	\N	admin@crudbooster.com	$2y$10$7rfe5WBt1nSkFy2n3t/iD.6dRCAuaIFsQ4p9aLicwHOkD51u0ktx6	1	2018-03-20 07:02:36	\N	Active
\.


--
-- Name: cms_users_id_seq; Type: SEQUENCE SET; Schema: public; Owner: postgres
--

SELECT pg_catalog.setval('public.cms_users_id_seq', 1, false);


--
-- Data for Name: employees; Type: TABLE DATA; Schema: public; Owner: postgres
--

COPY public.employees (id, name, nik, address, created_at, updated_at) FROM stdin;
1	Prof. Max Oberbrunner V	4	3648 Gislason Ridges Suite 807\nNew Shakiraberg, NJ 79756	\N	\N
2	Diana Murray	5	5643 Stanley Ramp Apt. 126\nKileyton, NJ 91295-5506	\N	\N
3	Dr. Monroe Ondricka V	8	33348 Lindsay Cape\nEast Cedrickland, LA 98096-2784	\N	\N
4	Coty Dickens Jr.	7	64245 Torrance Skyway Suite 932\nEast Kelsie, NE 91697-3462	\N	\N
5	Joey Aufderhar Jr.	6	7443 Russell Lake Suite 091\nNew Nicoton, TN 54718-6182	\N	\N
6	Georgianna Hartmann	3	220 Fidel Drive\nCarmelmouth, CA 57061-5312	\N	\N
7	Crystel Hills	1	855 Bergnaum Meadows Suite 464\nGildaland, WA 09432-5751	\N	\N
8	Alan Boyle	2	5022 Trantow Island\nSouth Declan, CA 54343-5764	\N	\N
9	Larissa Romaguera DDS	9	7255 Tyrese Springs\nFidelfort, WI 36263	\N	\N
10	Lori Davis	1	4720 DuBuque Brooks Apt. 786\nVincemouth, CA 80243-8775	\N	\N
11	Prof. Hildegard Boehm	6	6133 Dessie Stream Apt. 981\nEast Minaport, WY 42851-4196	\N	\N
12	Braden Hamill Jr.	1	37528 Donna Spur\nLake Alayna, KY 47743	\N	\N
13	Fletcher Pagac	8	985 Gutmann Passage Apt. 673\nDeanmouth, NH 68980	\N	\N
14	Mr. Logan Boyer	5	24489 Melba Ports\nPort Danashire, IA 14331-1095	\N	\N
15	Margret Dare	4	673 Wisoky Glens Suite 704\nMurphyshire, WA 20778-1185	\N	\N
16	Janice Dach I	5	3224 Stehr Garden Apt. 543\nBernierberg, TX 68283	\N	\N
17	Camila Beatty	9	84860 Caroline Tunnel\nHickleborough, MD 72165-8603	\N	\N
18	Taya Abbott	8	381 Tamia Inlet Apt. 971\nHoweport, OH 74684	\N	\N
19	Amani Lockman	5	3298 Will Ranch\nKertzmannstad, AK 58945	\N	\N
20	Dahlia Rogahn	9	4507 Skiles Cove Suite 041\nWest Davinview, RI 86105	\N	\N
21	Mr. Steve Dickens IV	2	562 Audrey Islands\nKrisborough, FL 48810-1514	\N	\N
22	Hobart Weissnat	8	4806 Lang Avenue\nViviannetown, IN 33758	\N	\N
23	Alexie Wehner	3	7342 Ambrose Mountain\nEast Lorineburgh, GA 03928-4395	\N	\N
24	Trent DuBuque I	6	59394 Mia Harbor Suite 303\nSouth Laury, NE 75627	\N	\N
25	Zoila Jast	4	373 Hintz Knolls Suite 466\nVioletland, NC 33137-2101	\N	\N
26	Aubrey Pouros	6	54212 Wilkinson Corners Apt. 991\nLindport, NV 14008	\N	\N
27	Mr. Seamus Purdy	4	119 Maria Rest\nWest Gerardside, NC 38223-7318	\N	\N
28	Daryl Mante	3	154 Lula Drive Apt. 040\nIlianaville, ME 63999	\N	\N
29	Miss Demetris D'Amore MD	5	381 Lorine Circle\nGraycefurt, TN 03472	\N	\N
30	Aleen Gerhold	5	16734 Cruickshank Islands\nKayastad, VA 57711	\N	\N
31	Marlen Rice	2	83797 Emanuel Fort Apt. 390\nNorth Leo, MS 16489-4584	\N	\N
32	Dr. Davon Fahey MD	7	21115 Luis Track Apt. 100\nGradybury, OH 88897	\N	\N
33	Amina Bruen	5	957 Botsford Valley Suite 582\nNorth Carrollstad, OK 19930	\N	\N
34	Prof. Patrick Windler DDS	4	19738 Leonel Skyway Suite 968\nNew Keyshawnberg, NC 68866	\N	\N
35	Mr. Doug Purdy DVM	9	2220 Larson Motorway\nZemlakborough, IN 35945-3755	\N	\N
36	Mr. Clovis Padberg DVM	4	28439 Bashirian Ferry\nShaneltown, NM 61755-6010	\N	\N
37	Orval Blanda DDS	4	83597 Frami Manors\nCamilleberg, DE 57916	\N	\N
38	Yadira Wisozk Sr.	7	12623 Friesen Gardens\nNorth Bettyberg, AZ 30923-8879	\N	\N
39	Ryann Sporer Sr.	7	6903 Kathryne Lights\nPort Arvilla, MT 75587	\N	\N
40	Ms. Aisha Littel MD	9	1022 Cassidy Fields Apt. 733\nMacview, KS 46909-8739	\N	\N
41	Mrs. Zoey Nitzsche III	3	8061 Shawn Mountain Suite 575\nEast Nia, VA 48251-3439	\N	\N
42	Reinhold Lubowitz	5	8837 Schimmel Squares\nWest Dellland, OR 07199-8688	\N	\N
43	Brycen Lueilwitz	7	21364 Kreiger Dale\nVelvatown, AL 32842-0511	\N	\N
44	Deshaun Runolfsdottir	7	4564 Hoeger Court\nEast Murphychester, NE 89000	\N	\N
45	Dr. Cloyd Braun DVM	7	652 Harvey Coves\nAbagailborough, CO 20606-8926	\N	\N
46	Savanah Becker	9	51832 Angie Dale\nAntoinetteburgh, NH 76777-9406	\N	\N
47	Curtis Harvey	2	8071 Jose Field Suite 649\nVictorville, VA 03797-8685	\N	\N
48	Prof. Chelsey Bashirian	6	630 Ryley View Apt. 201\nLake Ervin, NV 29608-7084	\N	\N
49	Jaden McCullough	5	35948 Annette Pine\nRomagueraburgh, MA 01471-9863	\N	\N
50	Miss Dannie Jaskolski III	6	9514 McKenzie Walks\nMazieland, CO 24744-5431	\N	\N
51	Richie Rippin	2	93296 Toney Springs\nNorth Alanafort, AR 83989-4555	\N	\N
52	Prof. Michel Berge IV	1	8774 Kertzmann Unions Apt. 818\nBednarburgh, VT 65880	\N	\N
53	Wyman O'Keefe	4	8640 Hammes Islands Suite 493\nPort Maximomouth, MA 87340	\N	\N
54	Dr. Arely Halvorson IV	8	42066 Gottlieb Crossroad\nWest Candida, CT 20227	\N	\N
55	Delmer Marquardt	4	3344 Lexie Coves Apt. 374\nJaneside, DC 64191	\N	\N
56	Sigurd Fadel	8	89687 Violet Crescent\nRoselynview, NC 38145-9496	\N	\N
57	Jaydon Cronin	8	11183 Cristopher Isle Suite 269\nNorth Annieland, CO 13751	\N	\N
58	Tyshawn Kuhlman	5	8097 Gaylord Estate\nWeberhaven, TN 94006	\N	\N
59	Prof. Esperanza Kuphal MD	8	408 Lindgren Prairie Apt. 591\nBernhardmouth, CO 70437-8921	\N	\N
60	Janie Swaniawski	1	62908 Ortiz Viaduct Suite 215\nSouth Odie, AR 25053	\N	\N
61	Francesca Purdy III	6	30785 Terry Lake\nNew Garrett, MT 45846	\N	\N
62	Prof. Scotty Koch	2	358 Florence Pass\nMellieville, WI 11052	\N	\N
63	Dahlia Koss Sr.	8	576 O'Reilly Forks Apt. 613\nNew Claire, ID 48231	\N	\N
64	Beaulah Flatley	2	92662 Glover Cliffs Apt. 149\nSouth Benview, KS 51266	\N	\N
65	Danielle Schimmel	3	280 Skiles Landing Apt. 303\nNew Marquisefort, RI 04407	\N	\N
66	Estefania Effertz	6	852 Walter Harbors\nHobarthaven, NC 06711-2949	\N	\N
67	Ulises Mayer	9	5446 Chelsey Underpass\nLake Trevion, KS 70238	\N	\N
68	Magdalen Pfannerstill	9	487 Maida Crescent\nScarlettborough, LA 14338-1642	\N	\N
69	Prof. Micah Terry II	8	3649 Sherman Row Suite 145\nLake Emile, MS 60095	\N	\N
70	Crystal Trantow DDS	3	688 Hickle Prairie Suite 727\nIlenechester, DC 10115	\N	\N
71	Bettye Stark	5	57532 Tyler Village Suite 497\nKertzmannfurt, CA 18327	\N	\N
72	Natalie Mayer	5	333 Bartell Points Suite 492\nMadalinefurt, UT 90338-4431	\N	\N
73	Dr. Devan Boyer IV	3	12141 Daniel Street\nPort Arturo, DE 77492-2498	\N	\N
74	Dashawn O'Hara	3	665 Jakayla Terrace Apt. 862\nNew Jayne, VA 90053	\N	\N
75	Christiana Murphy	2	7399 Flatley Spurs Suite 946\nEast Veda, OH 28231-3483	\N	\N
76	Mikel Ward	1	2821 Gerhold Rest\nRaefort, ND 38999-3682	\N	\N
77	Timmy Champlin	8	6310 Kutch Path\nNew Keanufurt, MO 95862-1415	\N	\N
78	Jamey Fadel	2	283 Moen Causeway Suite 246\nWest Bonnieton, MI 18668	\N	\N
79	Mrs. Georgianna Cassin I	7	552 Felix Prairie\nBrakusmouth, AR 01012-5423	\N	\N
80	Winona Christiansen	8	6956 Douglas Valleys Apt. 829\nPort Erichshire, VA 41622	\N	\N
81	Brent Kris DVM	3	958 Renner Estates Apt. 056\nAlenaberg, NH 88120	\N	\N
82	Jettie Heathcote IV	3	3392 Peggie Mountains\nNew Geovannyfurt, OR 99218	\N	\N
83	Matilda Harvey	1	51080 Vincenza Ford\nPort Tevinton, TN 16954	\N	\N
84	Elroy Gerlach	2	615 Kristopher Divide\nStarkfort, NV 98467-6836	\N	\N
85	Prof. Jody Rogahn IV	3	870 Jewell Stravenue\nCummingsstad, CT 45942	\N	\N
86	Milford Nicolas	6	54192 Daren Drive Apt. 333\nLake Dedricburgh, DC 25884	\N	\N
87	Mr. Berta Cassin	4	36319 Ryleigh Village Apt. 677\nFelipaton, MT 93683	\N	\N
88	Herta Kiehn DVM	8	391 Delphine Port\nLake Shemar, FL 77070	\N	\N
89	Mike Bogan DVM	5	3428 Karson Walks Suite 596\nNicolaland, CO 44045-4882	\N	\N
90	Dr. Bridie Oberbrunner I	6	443 Myrtie Corner\nBaumbachshire, MI 03786	\N	\N
91	Prof. Jaylan Farrell	6	953 Schultz Hill\nFlatleyton, AK 92256-5381	\N	\N
92	Prof. Melvina Cartwright III	3	9151 Frederik Hill Apt. 457\nConnbury, AR 23230-7374	\N	\N
93	Madelynn Tromp	3	628 Deckow Streets\nBreanabury, IN 70763-8113	\N	\N
94	Ashley Jones	7	519 Schuppe Centers\nMcClurehaven, CO 14173	\N	\N
95	Omer Nienow	6	55791 Connelly Springs Apt. 572\nAntoniaside, NH 26774	\N	\N
96	Prof. Andre Batz III	2	937 Patricia Corner Suite 092\nWest Kattie, WV 79809-8946	\N	\N
97	Chasity Hermiston DVM	7	993 Jeremy Forest Suite 889\nPort Cloyd, LA 19832-4567	\N	\N
98	Orrin Lubowitz	7	5784 Altenwerth Inlet\nBorisbury, PA 47821	\N	\N
99	Blanche Gutmann IV	1	54021 Annamarie Springs\nWizatown, MI 93504-3983	\N	\N
100	Lura Hettinger	7	6301 Taylor Avenue Suite 513\nLake Alana, KS 99752-2372	\N	\N
101	Haskell Brekke III	5	8161 Khalid Key\nMcDermottshire, HI 01283	\N	\N
102	Freda Cremin	2	35066 Augustine Mount Suite 748\nLake Alek, DE 00659-6641	\N	\N
103	Kailee Tillman IV	9	43042 Grant Summit Apt. 402\nBeatriceside, CT 97277	\N	\N
104	Prof. Zetta Lueilwitz DVM	9	8807 Klocko Plains Apt. 022\nWest Cassandramouth, CT 97309-0334	\N	\N
105	Dr. Micaela Pfannerstill	5	932 Hansen Bypass\nHeidenreichbury, GA 48966	\N	\N
106	Christ Hammes	8	142 Kunde Islands\nFloydton, DE 30137	\N	\N
107	Mr. Amari Brakus	8	560 Destiney River\nNew Kailee, NE 03280	\N	\N
108	Prof. Princess Swift II	3	696 Champlin Tunnel Apt. 070\nPort Kenton, DC 84933-2510	\N	\N
109	Devan Gutkowski	6	4603 Hirthe Drives\nLilytown, SC 92406-8401	\N	\N
110	Devon Rosenbaum	4	753 Cormier Alley\nWendellstad, GA 25007-9933	\N	\N
111	Prof. Enrico Renner	4	25820 Reichel Island\nKovacekfurt, AZ 95039-2674	\N	\N
112	Alverta Christiansen	8	52316 Hansen Lakes\nSouth Mona, OK 42403-9432	\N	\N
113	Prof. Abner Rempel MD	5	857 Pablo Estate Apt. 134\nLake Winnifred, DC 27419-8772	\N	\N
114	Ruth Langosh I	7	558 Tracy Roads\nSpencerport, AL 04848-2896	\N	\N
115	Miss Clementina Kessler	9	3948 Dino Crest Suite 356\nMayraberg, CA 72374-7398	\N	\N
116	Ms. Caitlyn Hegmann III	3	96107 Hector Spur Apt. 313\nBednarchester, NY 83913	\N	\N
117	Zoe Greenfelder	2	56251 Bert Village\nPowlowskiview, ME 82591	\N	\N
118	Jasen Cummerata	2	3662 Heidenreich Ranch Apt. 224\nAnachester, NY 97773-8360	\N	\N
119	Alessandro Eichmann	3	974 Runolfsson Estates\nDameontown, FL 92992	\N	\N
120	Tremaine Jones	9	836 Hortense Extension\nCollierfurt, MT 68697	\N	\N
121	Ward Quitzon	3	1793 Barrows Streets Suite 108\nSouth Freeda, FL 97678	\N	\N
122	Javon Klein	6	3182 Durgan Union Suite 905\nKerlukehaven, NV 51392	\N	\N
123	Serenity Sauer	4	413 Aron Mill Apt. 589\nPasqualemouth, AL 29459	\N	\N
124	Miss Sarai Spencer I	2	7703 Larson Shores\nOsinskiview, WA 98036-0868	\N	\N
125	Annie Herzog	4	19444 Fay Harbors Apt. 442\nNew Brooklynside, MT 84251-6797	\N	\N
126	Dr. Stephan Nienow	2	992 Jacobs Villages\nNorth Carleyfurt, AZ 51392-1534	\N	\N
127	Earnestine Orn	5	40191 Letitia Mountain Apt. 434\nAnnettafort, LA 29877	\N	\N
128	Jacinthe Brown PhD	5	5854 Rosalind Harbor\nMullerview, MT 84479	\N	\N
129	Savanna Schulist	6	4192 Hyatt Summit Suite 345\nSouth Laneybury, NE 69644-4642	\N	\N
130	Lera Kub	1	764 Pouros Square\nReillyfort, MO 20599-8321	\N	\N
131	Eliza Emard	2	9990 Phoebe Hollow\nSouth Carol, SC 19167-3301	\N	\N
132	Prof. Gardner Gleason PhD	4	2129 Bradtke Common\nAliciafort, NH 88937	\N	\N
133	Danika Stokes	1	4060 Lang Hollow\nLake Serenity, ID 58321	\N	\N
134	Alize Harris	4	734 Emard Drive Apt. 761\nJazmynville, MA 01498	\N	\N
135	Prof. Maxime Schmidt Sr.	2	796 Kris Lake Suite 150\nHeidenreichport, HI 01534-5798	\N	\N
136	Prof. Gillian Dickinson	6	36792 Columbus Extensions Apt. 976\nAdanchester, ND 47860	\N	\N
137	Lamar Pouros	9	2969 Barton Garden Suite 884\nGerlachburgh, MD 95779-9302	\N	\N
138	Dario Gibson DVM	3	5215 Morar Heights Suite 862\nRachaelburgh, MS 12349	\N	\N
139	Laurine Schuster Sr.	5	3614 Eldred Greens\nAltenwerthport, AL 46324-8327	\N	\N
140	Alycia Gottlieb	3	48599 Marvin Cape\nPort Winonaborough, NM 64684-7463	\N	\N
141	Audra Osinski	4	56725 Treva River\nWest Ally, DE 51125-7979	\N	\N
142	Caitlyn Graham	7	19631 Hackett Harbor\nPort Kadeton, OK 52605	\N	\N
143	Jamir Spencer V	9	5735 Ford Station\nRosenbaumfort, IL 21591	\N	\N
144	Rosina Wilderman	2	29557 Bergnaum Court\nLake Lazaro, IN 32390-8913	\N	\N
145	Rafaela Romaguera	5	87621 Deonte Land Apt. 943\nKossmouth, WA 74321	\N	\N
146	Cristopher Barrows	5	928 Ryder Spurs Suite 367\nEast Selenafurt, MN 85959	\N	\N
147	Hal Larkin	1	24204 Marcelo Pike\nZacheryview, TX 73937	\N	\N
148	Mr. Ronaldo Smith	3	216 Lesly Islands\nVladimirland, ME 08367	\N	\N
149	Karson Kshlerin Sr.	2	801 Veda Dam Suite 979\nCarolberg, NY 75240-6370	\N	\N
150	Vivien Macejkovic	3	418 Spencer Mission\nNorth Osvaldoton, MA 06891-7355	\N	\N
151	Madelynn Grimes I	7	1468 Eloise Gardens Apt. 415\nWalkerfort, FL 61884-8915	\N	\N
152	Vincenza Lowe	1	846 Homenick Branch Suite 764\nNorth Trenton, WI 36052	\N	\N
153	Cale Kerluke	6	827 Tremblay Rapid Apt. 922\nSouth Arlenechester, DE 06628-9889	\N	\N
154	Abbey Grady Sr.	9	498 Russ Way\nParisianton, WY 73825	\N	\N
155	Celestine Dooley	5	53760 Roob Expressway Suite 675\nNew Sydni, NY 94650-8523	\N	\N
156	Darion Hoppe	2	60981 Einar Ridges\nNew Demond, SD 20025-3732	\N	\N
157	Dawson Wilderman	4	72294 Neoma Mill Apt. 045\nAlexandriashire, DE 44022-4753	\N	\N
158	Chase Veum	1	9114 Daryl Extensions Suite 356\nPort Piercetown, NY 55051	\N	\N
159	Destiny Ward	8	261 Brekke Path Apt. 218\nBergstromhaven, AK 52844-5969	\N	\N
160	Mrs. Lottie Gibson	8	3245 Wanda Groves\nConroyfort, SD 50337-5406	\N	\N
161	Mr. Maxime Sawayn	6	809 Rogahn Terrace Apt. 459\nIsabelleview, MI 39315	\N	\N
162	Abbigail Swaniawski	6	45118 Abshire Stravenue\nStromanfurt, KS 68855-1661	\N	\N
163	Mrs. Shaylee Baumbach	5	1718 Schuppe Street\nRatketon, FL 65558	\N	\N
164	Dr. Angel O'Hara	4	186 Connelly Squares\nLake Rusty, IL 80536-4795	\N	\N
165	Federico Oberbrunner DVM	6	68934 Hamill Islands Apt. 428\nPort Earnestmouth, AZ 01084-2502	\N	\N
166	Prof. Carmen Erdman	9	3934 Newell Points Suite 617\nOtiliashire, LA 13219	\N	\N
167	Christina Renner	2	93871 Ortiz Route Apt. 593\nNorth Hollis, ND 35959-1932	\N	\N
168	Sylvia Schaefer	3	6480 Graham Field\nEast Rhiannonview, MO 58196	\N	\N
169	Miss Krystel Toy I	4	1473 Collin Forge\nUptonhaven, CT 33236	\N	\N
170	Jake Goldner	5	45253 Isobel Drives\nLake Johan, CO 04356-5331	\N	\N
171	Prof. Jeramy Weber V	1	827 Ana Prairie\nNew Amalia, CA 39009-5921	\N	\N
172	Dr. Davon Mayer IV	5	64162 Sven Cliffs Suite 995\nLake Philip, AR 54990	\N	\N
173	Aylin Kohler	3	8792 Jacklyn Highway Apt. 863\nMayertside, VT 80911-0131	\N	\N
174	Tierra Kiehn	8	34013 Elyssa Street Suite 607\nLaishaburgh, KS 10201-0065	\N	\N
175	Noelia Walker I	6	80262 Beatrice Haven Apt. 766\nDonnafort, SC 26354-2368	\N	\N
176	Prof. Nick Nicolas	9	3186 Torp Terrace Suite 072\nSouth Mohamedland, NY 04714	\N	\N
177	Mrs. Abbigail Hudson	7	5690 Elias Drive\nNew Eliseomouth, ID 92023	\N	\N
178	Laurel Renner Sr.	1	176 Jeanette Forest Apt. 290\nNew Otho, SC 09591-5343	\N	\N
179	Yessenia Nicolas	8	24886 Rosella Plaza Apt. 553\nWest Lexusberg, KY 06461-7565	\N	\N
180	Ms. Shanelle Hoppe	7	46090 Pouros Roads Suite 564\nLake Caden, MT 64944	\N	\N
181	Lucie McLaughlin	5	277 Zemlak Centers Apt. 283\nEast Lamont, MT 39393	\N	\N
182	Celine Boyle Sr.	3	32674 Schneider Trail\nPort Johannfort, IL 91548	\N	\N
183	Darrel Kihn	9	33160 Denesik Summit Suite 360\nO'Connerville, TN 88505-0582	\N	\N
184	Monica Spencer DVM	2	225 Rasheed Hills\nMakenzieshire, WI 01391	\N	\N
185	Percival Bartell	7	79318 Lynch Key\nNorth Seanton, IL 15287-3586	\N	\N
186	Alek Orn	6	36740 Caleb Fords\nSouth Pattiestad, IL 50945	\N	\N
187	Rodolfo Spencer	9	717 Schmeler Flats Apt. 434\nPort Gabriella, MI 78721-9786	\N	\N
188	Tremaine White	8	89023 Ludie Burgs Suite 439\nWest Jedidiahberg, HI 49374-9250	\N	\N
189	Ms. Cydney Johnston PhD	5	843 Alivia Stravenue\nLake Dovieville, MN 95909-6276	\N	\N
190	Eldred Klocko	7	123 Friesen Lake Apt. 454\nEast Ashleighton, HI 83660-9848	\N	\N
191	Prof. Cathrine Jacobi Jr.	3	5189 Lenna Springs Suite 746\nSouth Kayli, NV 87110	\N	\N
192	Watson Rodriguez	5	836 Mayer Crossroad Apt. 570\nPort Itzelland, ND 65642-2306	\N	\N
193	Dr. Beth McClure	6	7473 Stevie Parkway Suite 825\nBernhardside, TX 32697-8683	\N	\N
194	Mr. Olaf Fritsch III	4	63415 Ward Trail Suite 380\nLake Skylar, TX 69145	\N	\N
195	Jerad Mitchell	5	97059 Lance Trafficway Suite 338\nEast Ofeliahaven, AZ 20144	\N	\N
196	Boris Buckridge	3	8843 Hickle Loop Apt. 694\nJenkinsbury, TN 38870	\N	\N
197	Damian Weimann	2	78608 Trantow Ramp Suite 374\nSouth Sigrid, MI 79892-3408	\N	\N
198	Nya Ankunding	4	2551 Corkery Trail Suite 384\nPort Myrtice, AR 98786-0491	\N	\N
199	Yesenia Ratke	6	4948 Kelvin Divide Apt. 878\nLake Victoriamouth, DC 78386-9411	\N	\N
200	Mrs. Violette Roob III	2	6138 Dickinson Square Suite 278\nArdellaburgh, IL 33626-2235	\N	\N
201	Gustave Kutch	3	709 Linnie Plain\nLake Gayle, AK 48452-1609	\N	\N
202	Dr. Ramiro Aufderhar PhD	7	757 Powlowski Gateway\nVickymouth, FL 22742-4917	\N	\N
203	Milan Pouros	9	4466 Richie Stravenue Apt. 430\nCollinfurt, DC 87896	\N	\N
204	Roman Effertz Jr.	7	537 Kellie Courts\nNorth Johathanburgh, IN 37438	\N	\N
205	Adell Zemlak	6	551 Stanley Dale\nWest Litzyport, DE 89747-8174	\N	\N
206	Mattie Rogahn	1	4272 Annalise Garden\nNorth Rooseveltview, CA 11819	\N	\N
207	Noelia Bailey	4	47241 Anissa Pike\nLake Sarina, OR 83391	\N	\N
208	Stephany Goodwin	4	7190 Bailey Manors\nWest Hadley, NJ 31027-7614	\N	\N
209	Braeden Collins IV	2	398 Kassulke Glens Suite 382\nAmandashire, OR 57257-7997	\N	\N
210	Kolby Dickinson	4	34348 Loraine Plaza\nLake Diamond, WI 36821	\N	\N
211	Jett Schoen	1	5549 Adell Curve Suite 759\nBertberg, MO 20664	\N	\N
212	Justina Adams	8	5912 Autumn Throughway Suite 027\nReillyport, KY 86481	\N	\N
213	Mr. Sherman Olson	8	368 Virginia Mount Suite 208\nLangoshshire, OH 20258-4744	\N	\N
214	Madison Cruickshank	1	862 Reichert Forge Suite 302\nEthahaven, IL 24855-0776	\N	\N
215	Christian Blick	7	299 Hudson Causeway\nKunzeshire, NE 74048-2673	\N	\N
216	Hailie Dach	8	962 Davion Cove\nGradyshire, OK 16362-8792	\N	\N
217	Audra Kautzer	5	3124 Predovic Freeway Suite 818\nPort Dereckport, HI 07767-6800	\N	\N
218	Troy Rippin	6	562 Feil Causeway\nPort Saulshire, MT 92237-3589	\N	\N
219	Florence Muller	8	914 Darlene Place\nSouth Nikita, IA 21637-2277	\N	\N
220	Luella Eichmann	4	667 Mikel Ford Apt. 790\nGradychester, WV 69448-9186	\N	\N
221	Tania Hilll	5	350 Ernser Summit\nChasitychester, OK 13802-9673	\N	\N
222	Beaulah Bruen	5	8693 Rolfson Squares\nGracielamouth, IL 95171	\N	\N
223	Mark Auer	9	3049 Hortense Village\nWest Noe, NY 76247-6353	\N	\N
224	Pamela Keeling	5	87308 Marlon Port Suite 420\nNorth Fatima, FL 41746	\N	\N
225	Ms. Odie Fahey III	3	329 Clair Row Apt. 842\nLake Estherport, TN 25509	\N	\N
226	Ahmed Nader	2	8389 Yazmin Hills Suite 088\nWest Leonardstad, MA 67056-8175	\N	\N
227	Mabel Hartmann Jr.	1	1761 Haskell Squares Suite 949\nBenside, AK 17499	\N	\N
228	Ms. Ashtyn Mosciski I	3	7881 Earnestine Crest Suite 139\nCarmelashire, WV 47337	\N	\N
229	Asa Leffler	1	606 Wendy Passage\nLake Zack, AZ 26397-2969	\N	\N
230	Miss Kelli Rice I	1	7104 Ahmed Prairie Suite 313\nStantontown, TN 48722-6150	\N	\N
231	Cathryn Russel	1	184 Jimmy Crossing Apt. 863\nBarryview, SC 20322	\N	\N
232	Dr. Brycen Reichert	5	23497 Bosco Manors\nEast Kristianton, AR 54838-3342	\N	\N
233	Aiden Lebsack	1	2919 Heathcote Key\nCliffordport, VA 39237-1164	\N	\N
234	Dorthy Runolfsdottir IV	3	39282 Dare Prairie Suite 842\nKianaside, AK 16419-1707	\N	\N
235	Avis Rippin	6	89457 Bertha Crest Apt. 480\nMorarchester, AZ 48962-2492	\N	\N
236	Dr. Tiara Breitenberg DVM	3	55721 Lexie Wall\nZulauftown, ID 05356-1408	\N	\N
237	Mattie Gaylord	5	60652 Stroman Shores Suite 633\nNorth Tristonmouth, MS 19639	\N	\N
238	Eugenia Harvey	2	82794 Friesen Spring\nAgustinahaven, MN 72669-6151	\N	\N
239	Veronica Konopelski	5	538 Pouros Plains Apt. 939\nSouth Rickey, OR 17745	\N	\N
240	Keven Schoen	6	108 Stanton Cove\nSouth Shermanborough, LA 30754	\N	\N
241	Hildegard Kertzmann	7	57701 Tremaine Roads Suite 761\nTracyburgh, NC 10585	\N	\N
242	Zena Haley	4	1631 Noemie Squares Apt. 181\nEast Johathanmouth, IA 76209-6007	\N	\N
243	Mr. Darrell Adams Sr.	2	9280 O'Conner Inlet\nBalistrerichester, MA 63328-5077	\N	\N
244	Bud McCullough	3	529 Hegmann Valley Apt. 726\nPort Trevermouth, TX 66347	\N	\N
245	Anthony Murray	2	16004 Armstrong Knoll Apt. 265\nEast Ociemouth, DC 59566	\N	\N
246	Prof. Lina Gerlach	8	55154 Billy Locks\nWest Isidrobury, RI 22554-1557	\N	\N
247	Dandre Hyatt PhD	4	499 Anissa Extensions Apt. 865\nMarjolainestad, KY 40560-9430	\N	\N
248	Myrtis Parker	6	82487 Roob Inlet Apt. 050\nDachhaven, NC 08621-8618	\N	\N
249	Miss Rebecca Nolan IV	4	1418 Timothy Avenue Suite 416\nEast Skyefort, DE 93643-5136	\N	\N
250	Lou Jakubowski PhD	2	2140 Pinkie Falls\nBarrowsfort, MT 19772	\N	\N
251	Isaac Kassulke	8	5290 Sipes Estate\nLake Lauriane, MA 90918	\N	\N
252	Eugenia Barton	9	635 Wilderman Viaduct\nChristiansenton, FL 10608-1369	\N	\N
253	Dr. Wilmer Boehm	1	224 Ardella Port Apt. 681\nNorth Vincenzafort, PA 37852	\N	\N
254	Rae Williamson PhD	1	441 Ankunding Dale\nProsaccoberg, CT 28255-7808	\N	\N
255	Gaylord Ritchie	5	6223 Moses Pine\nPort Maryse, RI 78726-5361	\N	\N
256	Chet Conn	8	53484 Kavon River Suite 657\nPort Howardmouth, NE 61729-3851	\N	\N
257	Ramon Christiansen	8	355 Luisa Loop\nNew Diannaton, MS 36818	\N	\N
258	Braden Zboncak	7	2253 Beau Route Apt. 419\nMitchelltown, MN 57650	\N	\N
259	Asha Waters I	4	66115 Reyna Point Suite 348\nNorth Berniebury, MT 67716	\N	\N
260	Prof. Kyla Lynch DDS	2	887 Victoria River\nFrederiqueside, NM 42556	\N	\N
261	Brigitte Adams I	3	48180 Dusty Via Suite 969\nZoeyberg, MI 99810	\N	\N
262	Barrett Rau	4	2208 Schmidt Shore Apt. 979\nNorbertmouth, GA 27139	\N	\N
263	Jacklyn Welch	4	4436 Jaskolski Islands Suite 448\nPort Erich, DC 40147	\N	\N
264	Miss Lynn Marvin DDS	2	897 Quigley Groves Apt. 945\nNew Terrence, IL 01957-5762	\N	\N
265	Mrs. Theresia Grimes	8	35422 Friesen Via\nNew Valentinestad, IL 25706	\N	\N
266	Larry White	8	350 Paucek Corners Apt. 819\nMayerstad, MN 73754-6174	\N	\N
267	Emelie Hoeger	6	15343 O'Reilly Shoals\nElmoreton, AR 20289	\N	\N
268	Terrence Rice IV	8	9718 Breitenberg Fork Suite 133\nPort Jadaberg, MO 73787	\N	\N
269	Abner Schmeler	1	53441 Daphney Highway Apt. 812\nVanessaview, TN 52741-1163	\N	\N
270	Elizabeth King	3	912 Cremin Lakes Apt. 363\nNorth Hallieville, MI 86214-7811	\N	\N
271	Santos Hyatt DDS	3	12514 Cummerata Trace Suite 265\nKilbackview, IL 30154	\N	\N
272	Cielo Spencer	2	4928 Hintz Avenue\nDaronside, OK 54374	\N	\N
273	Ms. Cecile Langosh DVM	6	42864 Jewell Points\nNew Bertramhaven, AZ 24252-7694	\N	\N
274	Ana Kohler	1	63865 Goldner Lock Suite 202\nEast Kaelynstad, TN 36072-0107	\N	\N
275	Wiley Gutkowski	9	771 Schiller Via Suite 110\nEast Mariane, IN 76917-3295	\N	\N
276	Rogelio Satterfield	3	4189 Mills Common Apt. 397\nWillton, LA 56573	\N	\N
277	Miss Duane Stanton V	6	185 Alysha Shores\nPort Yesseniamouth, NH 59290-9061	\N	\N
278	Joana Weber	6	1153 Rogahn Union\nGreenborough, IN 52841	\N	\N
279	Dante Beatty	2	278 Mosciski Highway\nSamaraside, NC 08634	\N	\N
280	Ms. Dorothea Hartmann	5	395 Skiles Branch Apt. 361\nSouth Amberborough, KS 01755	\N	\N
281	Dr. Laverna Hauck	8	248 Priscilla Park\nPort Irvinghaven, VT 13800-5113	\N	\N
282	Dee DuBuque	7	7296 Stella Burgs Apt. 571\nRocioside, MN 59371	\N	\N
283	Osbaldo Mills	5	436 Lueilwitz Streets Apt. 006\nLake Doyleland, WV 08570-3357	\N	\N
284	Brandt Lind DDS	3	14525 Trey Via Suite 461\nJermeymouth, TN 14306-1386	\N	\N
285	Dr. Donavon Johns	3	11942 Freddie Shoal Suite 527\nNew Mariam, UT 28070	\N	\N
286	Mariela Treutel	1	33613 Marques Avenue\nPort Santafort, TN 77235	\N	\N
287	Zion Herzog Jr.	8	5821 Israel Village Apt. 019\nNew Abbigail, MO 93801	\N	\N
288	Burley Dare	9	91586 Schmitt Row Apt. 328\nEast Fleta, IL 22440-0652	\N	\N
289	Burnice Bauch	3	282 Schiller Skyway Apt. 145\nShaniatown, NJ 64366	\N	\N
290	Mr. Tyreek Donnelly	3	4603 Balistreri Locks\nO'Connerside, OK 99768-0056	\N	\N
291	Nichole Cartwright DDS	7	6469 Reilly Crescent\nMaymouth, CA 17655	\N	\N
292	Alverta McKenzie	5	7111 Hirthe Light Suite 008\nNorth Tommie, MD 83546	\N	\N
293	Ayla Murazik	8	9456 Vidal Mountains Suite 913\nNorth Jessy, CA 94340-1492	\N	\N
294	Lina Ullrich	3	426 Korbin Mission\nVerlaville, MD 65419-3364	\N	\N
295	Gerry Robel	6	9962 Narciso Harbors Suite 867\nSmithbury, CO 09491-9960	\N	\N
296	Keeley Mosciski	4	8890 Bertram Spur\nEast Saige, WI 47866-6985	\N	\N
297	Turner Kozey	1	49697 Hilton Canyon Apt. 965\nNew Owenmouth, UT 16376-3013	\N	\N
298	Nelda Kulas PhD	5	5086 Josie Vista\nCorkeryfurt, NV 82215	\N	\N
299	Prof. Otis Walter	8	8693 Swaniawski Points Apt. 987\nNew Esmeralda, ND 35893	\N	\N
300	Yessenia Kuhic	5	9419 Kasandra Neck Apt. 092\nNew Junius, WA 29206	\N	\N
301	Dr. Marjorie Mayer MD	3	1171 Abernathy Mountains\nSouth Adele, GA 85908	\N	\N
302	Oswaldo Crist	4	46522 Farrell Passage Apt. 487\nGloverborough, WA 79605-9133	\N	\N
303	Annabel Emmerich	3	486 Blanda Course Apt. 286\nSadiemouth, IA 55610	\N	\N
304	Issac Mertz	4	991 Paxton Valley\nLake Tatum, NV 51332-9788	\N	\N
305	Maybell West	8	55185 Omari Fork Apt. 592\nPort Eloyton, HI 12391	\N	\N
306	Jamel Gulgowski III	4	252 Shawn Skyway\nRitchieshire, MS 74177-5182	\N	\N
307	Dr. Devan Rau DVM	5	71663 Mraz Circles\nLake Paula, FL 83558-3313	\N	\N
308	Jayce Terry	3	36868 Jennie Springs\nLake Mabelleview, AK 07973	\N	\N
309	Catharine Abshire	4	704 Rippin Flat Apt. 971\nLake Edmund, PA 05233-8375	\N	\N
310	Herbert Grimes	4	8037 Kianna Garden\nWest Zoiebury, WA 77380	\N	\N
311	Louvenia Abbott	8	546 Ila Meadows Apt. 307\nNorth Laurianneton, OR 12884-9124	\N	\N
312	Anderson Leannon	7	36224 Crist Parkways\nWest Bud, TN 12943-9705	\N	\N
313	Dr. Shakira Christiansen DVM	9	939 Runolfsson Neck Apt. 510\nChristophefurt, VT 48636-7716	\N	\N
314	Shannon Bergnaum	2	2045 Fanny Loaf Apt. 412\nBarrowsland, LA 50747	\N	\N
315	Mckayla Quigley	6	19755 Emard Parkway Suite 793\nGrahamside, TX 90099	\N	\N
316	Maxime McCullough Jr.	3	6964 Elroy Spurs\nEast Romanside, ID 40395	\N	\N
317	Ms. Lessie Haley	8	80617 Rosenbaum Gateway Suite 291\nNew Rusty, WA 26975	\N	\N
318	Mr. Arnoldo Beahan	7	6150 Misael Cove Suite 197\nPort Rebekah, FL 77225	\N	\N
319	Gage Grimes	6	7856 Haleigh Loop Apt. 891\nLake Carolinaberg, NE 24323-7293	\N	\N
320	Dorthy Beahan	9	703 Rex Stream\nMillsburgh, IA 86653	\N	\N
321	Jaunita Wolf	8	81045 Corwin Oval\nSalmachester, MS 64687	\N	\N
322	Laurie Smith	7	2295 Malcolm Grove\nNorth Kayli, CA 90838	\N	\N
323	Meggie Gleason	8	12657 Rempel Divide Apt. 556\nEast Melyna, NC 73176-3370	\N	\N
324	Ophelia Braun	6	68468 Hermiston Parkways\nZolashire, TX 96611	\N	\N
325	Wilbert Halvorson	2	6803 Merlin Mews\nSouth Alfredfort, WY 58249-3173	\N	\N
326	Derrick Emard	1	7935 Auer Manors\nLefflerside, IL 98873-5903	\N	\N
327	Prof. Sheldon Pagac PhD	8	71485 Gibson Meadows\nCierraburgh, MT 09312	\N	\N
328	Dayton Harris	9	432 Gislason Mews Suite 254\nSouth Ivy, OH 53215-2525	\N	\N
329	Dr. Alfredo Glover	5	6365 German Hills\nLupebury, MA 24610	\N	\N
330	Paolo Schneider II	6	6444 Wisoky Stravenue\nNorth Rhettport, NE 74613-2250	\N	\N
331	Alan Bauch Jr.	8	45264 Jerde Green Apt. 605\nJastchester, HI 20513-6159	\N	\N
332	Rhett Stehr	9	74207 Stanton Centers Apt. 068\nSallieberg, VT 55506-5242	\N	\N
333	Antonette Torp	6	5832 Bartoletti Turnpike\nMertzhaven, PA 35234-6173	\N	\N
334	Yadira Hackett	9	904 Edmund Extensions Suite 121\nLake Madisyn, MO 24468	\N	\N
335	Bartholome Connelly	7	262 Palma Island Suite 934\nEast Nyasia, WY 30376	\N	\N
336	Jayce Feil	2	9706 Sipes Lane\nNew Jarrod, OK 01139-1180	\N	\N
337	Prof. Shayne Stamm IV	9	14239 Leta Glen\nLake Ora, ID 85862	\N	\N
338	Dr. Celine Batz	3	1978 Sabrina Valley\nCaroleview, MD 64343	\N	\N
339	Prof. Jessy Larkin II	2	66322 Baylee Creek Apt. 551\nWest Krisland, OH 59729	\N	\N
340	Jaylin Haag	7	2676 Ivy Gardens\nNorth Tiannashire, WA 02798	\N	\N
341	Caden Green	4	7007 Barton Groves Apt. 668\nPort Deangelobury, NC 52910-0654	\N	\N
342	Milan Stokes V	8	423 Gerson Burgs Suite 416\nWilkinsonshire, DE 84424	\N	\N
343	Lizeth Abbott PhD	4	56697 Adah Road\nSouth Elta, RI 18565-7948	\N	\N
344	Mr. Kaley Bahringer	8	14033 Asia Ports\nJerdechester, RI 70644	\N	\N
345	Thalia Hudson	3	479 Dawson Rest\nSouth Elodyfort, ME 31476-9179	\N	\N
346	Prof. Lawson Wisoky MD	6	95279 Mortimer Lane\nNorth Garretshire, CT 96488	\N	\N
347	Joaquin Abbott	9	667 Rodriguez Locks\nSouth Fordside, NC 14892	\N	\N
348	Laurianne Boyle	3	949 McClure Roads Apt. 432\nWest Lillianaton, HI 80728-8256	\N	\N
349	Dr. Clementine Ritchie Sr.	5	9035 Jacobs Track\nLake Arnulfoside, MT 07274	\N	\N
350	Sallie Daniel	2	700 Gerhold Station\nSouth Hilbertville, CT 13903	\N	\N
351	Dr. Adalberto Brakus	7	97512 Heather Stream Apt. 958\nNikitamouth, RI 36338-3493	\N	\N
352	Matt Shanahan III	7	16202 Balistreri Avenue Suite 127\nMarianofurt, SD 96138-6539	\N	\N
353	Mrs. Gwen Stark	9	679 Elsa Street\nNew Nicholas, IA 90393	\N	\N
354	Timmy Pacocha	4	608 Ford Oval\nNorth Jackyport, IN 39471	\N	\N
355	Mr. Amari Spencer MD	7	985 Nellie Locks Apt. 593\nMillerburgh, NH 24214-1894	\N	\N
356	Haskell Breitenberg	8	49392 Bernier Junctions Apt. 988\nBurdetteton, CT 09448	\N	\N
357	Dr. Lorna Muller MD	6	1546 Skiles Manors Apt. 884\nDeckowburgh, SC 04353-5306	\N	\N
358	Dr. Haven Braun	8	64511 Anderson Isle\nSchillerton, WV 20586-1073	\N	\N
359	Dr. Fredy Cruickshank	7	1584 Hertha Square\nLake Jordyborough, OH 69000-0519	\N	\N
360	Miss Juliet Grady Jr.	7	61371 Rhiannon Forest\nBrennafurt, VA 88601-6912	\N	\N
361	Kevon Ebert DDS	3	959 Wilkinson Spurs Apt. 264\nWest Candiceville, UT 73536	\N	\N
362	Ewell Blanda V	1	3006 Shields Inlet Apt. 978\nPort Alford, PA 55279-8640	\N	\N
363	Marcia Kub I	4	985 McKenzie Trail\nBridgetmouth, IN 16507-8795	\N	\N
364	Alta Bashirian	4	160 Harber Spur Apt. 943\nEast Carmen, OK 35255	\N	\N
365	Frederick Dickens	8	369 Mozelle Land Suite 089\nSandrineland, AR 10390-9432	\N	\N
366	Ada Ullrich	2	326 Herman Ports\nNew Ima, FL 37828-2454	\N	\N
367	Mr. Ross Brekke	7	8678 Johns Square\nSchmittstad, MS 11561	\N	\N
368	Sally Weissnat	1	8672 Crist Pines\nEvieburgh, AZ 14461-0793	\N	\N
369	Marion Robel	3	93550 Summer Forest\nPort Frankie, NJ 40025	\N	\N
370	Darion Crooks PhD	9	868 Weissnat Row Apt. 962\nNew Tara, LA 35215-5103	\N	\N
371	Bernadette Moen	1	92049 Torp Passage\nJosieville, NJ 80619-5780	\N	\N
372	Idella Rau	2	60460 Stark Landing\nCreminhaven, PA 14758	\N	\N
373	Friedrich Hegmann	4	7869 Schowalter Oval Apt. 665\nOpalhaven, OK 40892	\N	\N
374	Prof. Kelley Treutel II	2	2876 Katarina Burg\nLake Charity, WI 41303	\N	\N
375	Ms. Marcia Cartwright	8	2540 Brown Drives\nWest Toni, DE 47633	\N	\N
376	Ivy Lebsack	9	95417 Williamson Island Apt. 345\nNew Tylerton, MT 40848-7999	\N	\N
377	Abdul Marquardt	6	13150 Jeff River Apt. 086\nSouth Diana, SC 57086	\N	\N
378	Baylee VonRueden	1	33468 Izaiah Shoals\nMorissettebury, GA 30358	\N	\N
379	Mrs. Hope Moen PhD	9	540 Hudson Parkway\nAngelitachester, SD 91984-2261	\N	\N
380	Evelyn Hintz	1	1929 Ila Port Apt. 714\nNorth Roxanneborough, WI 87607	\N	\N
381	Mrs. Bailee Hand DVM	3	6379 Pollich Mountain Apt. 468\nAnnamaeland, TN 53501-6931	\N	\N
382	Dr. Keith Barton I	6	284 Linnie Corner Apt. 478\nEast Arjun, KY 67714-3652	\N	\N
383	Noah Collier	4	436 Reta Island\nLake Keegan, WI 84346	\N	\N
384	Mr. Skye Langosh Sr.	6	94429 Collier Meadow\nPort Christophe, IN 63408-1117	\N	\N
385	Prof. Lesley Orn IV	3	35788 Rosenbaum Plaza Apt. 646\nDemarcoport, GA 85367	\N	\N
386	Dr. Johnny Langosh	1	2418 Feeney Road\nEast Haleybury, NY 24486-1497	\N	\N
387	Mr. Dorian O'Connell	2	360 Hickle Circle Apt. 420\nWest Merrittberg, KS 75371	\N	\N
388	Audrey Frami	8	65815 Joe Locks\nSouth Dannieberg, ID 77112-1038	\N	\N
389	Armani Turner	5	2614 Magnolia Turnpike Suite 309\nNorth Darioburgh, GA 21642-4607	\N	\N
390	Eveline Pfannerstill	8	814 Jaunita Causeway\nPort Serena, MN 72337	\N	\N
391	Raleigh McKenzie DVM	5	56101 Miguel Station Apt. 404\nPort Erikafurt, SD 77784	\N	\N
392	Fausto Walsh	7	3365 Konopelski Shoals Apt. 319\nNew Mozelle, MS 61007	\N	\N
393	Clemens Strosin	9	980 Rempel Shores\nLake Christy, NC 25919-3743	\N	\N
394	Stella West	1	73308 Elbert Lights\nRobelstad, DC 16541-7335	\N	\N
395	Vito Stoltenberg	5	37961 Armstrong Common Apt. 846\nNorth Americoview, TN 50406	\N	\N
396	Ms. Makenzie Adams DDS	9	596 Kianna Stravenue\nNew Parkershire, NC 38912-1012	\N	\N
397	Mr. Johnny Kessler	2	419 Janiya Turnpike\nKellyhaven, ND 86460	\N	\N
398	Mara Bednar	7	11898 Eda Cliffs Suite 719\nRamiroville, WY 79156-6235	\N	\N
399	Nikki Prosacco	7	6739 Blanda Meadow Apt. 778\nJohnstonmouth, AL 07666-5023	\N	\N
400	Ford Cassin	3	451 King Flats Apt. 258\nUllrichview, ME 93884	\N	\N
401	Edd Torp DDS	1	162 Alvera Crescent Apt. 887\nO'Keefeville, MT 30514	\N	\N
402	Ms. Emilie Pfeffer	1	29015 Windler Springs\nWest Brendan, SD 85389	\N	\N
403	Magali Kirlin V	4	1964 Daugherty Isle Suite 226\nNorth Laylamouth, NC 25342-4611	\N	\N
404	Jett Hagenes	9	2025 Houston Walks\nWest Rocky, CT 04442	\N	\N
405	Mr. Deon Lind	7	29297 Nels Rue\nWest Olgaborough, NM 63684-9587	\N	\N
406	Fredy Runolfsson V	6	604 Vada Coves Apt. 807\nKuvalisfort, NJ 44641-6135	\N	\N
407	Zoila Herzog	4	62970 Bashirian Lights\nHayeschester, ME 92660	\N	\N
408	Ben Yundt Jr.	9	42823 Russell Pine\nJerrodstad, AK 10053-4306	\N	\N
409	Finn Beahan	6	615 Wintheiser Gateway Suite 938\nWest Kody, TN 29015	\N	\N
410	Delfina Jast	8	5038 Maxie Neck\nNorth Shadhaven, NY 08367	\N	\N
411	Mr. Richmond Shanahan PhD	9	559 Klocko Underpass Apt. 708\nLloydfurt, ID 07406	\N	\N
412	Hailey O'Keefe Sr.	3	9766 Konopelski Locks\nSouth Fiona, ID 38987-8636	\N	\N
413	Prof. Bradly Kerluke	9	684 Gutmann Heights\nZulaufchester, NC 74590-1085	\N	\N
414	Leonora Wisoky	1	81225 Adelle Canyon\nMcCulloughview, KS 13866	\N	\N
415	Jada Feest IV	5	2198 Graham Groves\nKihnborough, FL 99932	\N	\N
416	Garnet Prohaska	8	7774 Howe Islands\nNew Mateo, OK 30369	\N	\N
417	Dr. Joey Emmerich	3	4127 Howe Bypass Apt. 507\nNew Laurettaville, MN 13605-0087	\N	\N
418	Mrs. Era Hirthe	7	7452 Duane Valley\nHowemouth, KS 82892-8433	\N	\N
419	Tommie Spencer	7	347 Nora Street\nEast Freedafort, VT 24989	\N	\N
420	Mr. Cody Padberg	4	150 Daniela Plaza Suite 266\nNew Bethmouth, OH 64108	\N	\N
421	Dr. Jesse Paucek III	1	503 Stamm Ridges Apt. 343\nPort Paoloberg, OR 14339	\N	\N
422	Donnie Hickle	8	54387 Swift Village\nYostview, MA 05691-0024	\N	\N
423	Mr. Magnus Bode	7	4768 Emard Curve Apt. 032\nZariabury, KY 17890-9145	\N	\N
424	Mrs. Alva Frami	2	7840 Smitham Village\nJadynshire, ME 88325-5479	\N	\N
425	Mireya Daugherty I	6	22569 Sporer Track Suite 687\nKeventon, AR 09906	\N	\N
426	Fatima Jerde	8	316 Lubowitz Land Suite 447\nWardville, MN 25237-9118	\N	\N
427	Rory Carroll	3	45962 Joseph Mountain Apt. 155\nAylafort, RI 65572-1898	\N	\N
428	Mitchell Huels Sr.	5	54052 Jerel Mountain Suite 767\nMcCluremouth, UT 24528-7970	\N	\N
429	Jaeden Herzog	3	131 Cleora Forges\nSouth Lemuelland, ID 52570-1758	\N	\N
430	Samara Homenick	9	99543 Elton Islands\nNew Joshport, MA 50925-8589	\N	\N
431	Dr. Jeffrey Crist	4	70107 Gaetano Burgs Suite 669\nYundtmouth, NE 05786	\N	\N
432	Gabe Cummerata	8	8736 Nayeli Stream\nErdmanshire, PA 16397	\N	\N
433	Dr. Mitchell Schmidt	4	2427 Collins Station Apt. 001\nEast Salvatoreville, NV 14732	\N	\N
434	Mr. Gino Veum	5	180 Carrie Alley\nNorth Oletamouth, WV 68817-0270	\N	\N
435	Claire Swift	2	55683 Spinka Courts\nElenamouth, ID 66789-4126	\N	\N
436	Stefanie Thiel	2	34896 Sim Valleys Suite 414\nLake Kailee, KS 86374-7008	\N	\N
437	Dr. Zena Senger II	2	970 Bailee Views Apt. 596\nCrooksfort, DC 62097-6469	\N	\N
438	Dr. Vern Oberbrunner III	6	2204 Albertha Shoal\nNew Shania, ME 48686-8313	\N	\N
439	Mose Luettgen	5	821 Koepp Oval Apt. 962\nEast Freddyburgh, AK 07391-2970	\N	\N
440	Hiram Rau	3	996 Powlowski Ports Apt. 114\nBashirianburgh, NH 02700-9732	\N	\N
441	Imogene Maggio	6	256 Runolfsson Grove\nNew Randal, WY 53167	\N	\N
442	Josefa Pfannerstill Jr.	7	7383 Chyna Loaf Apt. 534\nWatersside, AK 48936	\N	\N
443	Chaya Eichmann	7	743 O'Reilly Well\nOttishaven, WV 63715	\N	\N
444	Kimberly Gulgowski	7	781 Jewell Streets\nLake Caleighhaven, WI 11700-4065	\N	\N
445	Mrs. Sharon Schuster V	5	5331 Raven Tunnel\nPatienceshire, CA 16676-2429	\N	\N
446	Dannie Ruecker	5	960 Abbott Station\nAlfmouth, NV 37718	\N	\N
447	Tad Hartmann	8	778 Florida Street\nLake Meredithland, MN 71891-9455	\N	\N
448	Cassandre Kohler III	3	9261 Boyer Cape\nRaymundoshire, WI 91011-9562	\N	\N
449	Karolann Koch	2	99338 Krystal Rapids Suite 812\nCristshire, NV 09589-7783	\N	\N
450	Ms. Roslyn Satterfield Jr.	5	962 Zemlak Flats\nSouth Octaviachester, MI 83650	\N	\N
451	Ivory Hirthe II	6	15649 Beer Fords\nSouth Javierborough, MN 79764	\N	\N
452	Cyrus Rath	5	1870 Elnora Street\nLake Samsonport, OR 39828	\N	\N
453	Ida Kertzmann V	8	18492 Fleta Freeway\nSanfordhaven, PA 45728-4637	\N	\N
454	Melany Konopelski	9	716 Willy Knolls Apt. 852\nPort Kelvin, CA 08061-7610	\N	\N
455	Tyree Koch	9	2049 Dillan Springs Suite 718\nElbertberg, CO 98839	\N	\N
456	Miss Larissa Walsh DDS	5	2823 Hayley Park\nCelestineville, ME 78188	\N	\N
457	Omari Renner Sr.	6	77554 Margarita Cliffs Apt. 960\nVolkmanborough, WI 50450-5236	\N	\N
458	Ms. Carrie Kuhlman III	4	864 Jacobson Circle Suite 936\nSouth Albertohaven, VT 81845	\N	\N
459	Victoria Bogan	9	90144 Yost Lane Apt. 039\nNew Simville, CT 58944-5170	\N	\N
460	Floyd Kihn	5	91705 Gutkowski Station Apt. 884\nNew Marleeberg, IA 33609	\N	\N
461	Jackson Kautzer	5	32698 Dickinson Plaza Apt. 124\nLake Queenieborough, IL 24788	\N	\N
462	Jaydon Auer	8	783 Nash Oval\nReynoldsmouth, NJ 71312-5153	\N	\N
463	Etha Carroll Sr.	9	596 Ashtyn Alley\nJovanbury, OK 71649-4904	\N	\N
464	Prof. Nils Ritchie III	7	152 Runte Ville Apt. 898\nSouth Arlo, AZ 27789-6044	\N	\N
465	Eleanore Cummings I	4	5577 Huels Falls Apt. 761\nNew Juanitatown, NJ 54235-4000	\N	\N
466	Shany Quigley	7	14398 Nitzsche Street\nEmardton, LA 68739-2131	\N	\N
467	Roxanne Runte	4	4316 Weber Villages Apt. 968\nNew Amir, RI 58708-4936	\N	\N
468	Eve Hudson	3	3361 Urban Square\nNew Caratown, VT 86097	\N	\N
469	Agustin Hartmann DDS	2	775 Kirlin Heights\nWest Jamaalport, CO 32686-2699	\N	\N
470	Amie Mitchell DVM	7	66839 Jeffrey Lakes\nWest Freida, MN 50064-5017	\N	\N
471	Charley McLaughlin	3	2559 Jerome Prairie Apt. 035\nKirlinborough, MD 45451	\N	\N
472	Brenda Bashirian	1	86412 Lucile Cliff\nHowestad, MT 20900-4398	\N	\N
473	Cielo Fadel	8	867 Yost Heights\nLabadiefurt, MS 49462-8184	\N	\N
474	Reagan Fritsch V	9	953 Swift Mount\nAliyahberg, WV 21386-9297	\N	\N
475	Wilford Paucek	7	810 Layla Loaf Suite 924\nNorth Adityafurt, AL 83067-6394	\N	\N
476	Ms. Zita Baumbach	9	916 Annamae Summit Apt. 252\nLake Ozellaville, WY 18269	\N	\N
477	Orval Feeney MD	8	314 Marielle Estates Suite 179\nPort Karine, NH 63667-8202	\N	\N
478	Mr. Taylor Shanahan PhD	8	3892 Rosenbaum Shore Apt. 784\nNorth Vickie, CT 63534	\N	\N
479	Kasey Medhurst V	2	8567 Waters Creek\nMaximoburgh, NM 13417-6084	\N	\N
480	Dylan Swift III	5	5204 Ewell Trace\nLoweside, MS 52759	\N	\N
481	Wyman Strosin	1	97280 Domenico Meadow\nJayceport, IN 15986	\N	\N
482	Avery Collier	3	2360 Rohan Pine\nEast Nathenmouth, SC 21677-0109	\N	\N
483	Gardner Wilderman	1	35124 Monahan Roads\nBobbiebury, TN 22128-2827	\N	\N
484	Nayeli Wilderman	1	966 Mathilde Corner\nSouth Rebecca, WI 92047-8946	\N	\N
485	Damien Mraz	3	21166 Yolanda Road\nWestland, ID 47279	\N	\N
486	Prof. Tessie Durgan	2	12427 Ressie Pines\nWest Jadynstad, MT 40822	\N	\N
487	Mrs. Emelia Prosacco MD	8	48418 Krajcik Turnpike Apt. 286\nNorth Amiyaville, OH 30409	\N	\N
488	Isaac Thiel	4	2659 Petra Manors\nKerlukeburgh, RI 77797-5902	\N	\N
489	Rhiannon Brown	9	755 Ivy Square\nBatzchester, TN 45299	\N	\N
490	Donnie Berge	3	82404 Schinner Road Apt. 780\nLake Ignacio, ME 52942-5287	\N	\N
491	Price Lang	6	83537 VonRueden Mountains Apt. 919\nVeumburgh, SC 43650-5958	\N	\N
492	Terrence Satterfield V	7	32582 Kayla Inlet\nSouth Soledadside, UT 88032-3565	\N	\N
493	Mr. Dedrick Robel	3	7091 Nick Hills\nNorth Nigel, TX 34030	\N	\N
494	Vernon Barton	5	51246 Jodie Expressway Suite 870\nNew Isabelborough, NC 70205	\N	\N
495	Ryan Eichmann	2	481 Harber Village\nWest Hassie, WV 88479-0240	\N	\N
496	Prof. Vicente Hyatt	5	153 Lindgren Course Suite 015\nNew Efren, NM 05386	\N	\N
497	Amelie Glover	7	694 Cathrine Crest\nO'Reillyport, CO 02569	\N	\N
498	Avis Lebsack I	5	972 Runolfsson Mill Apt. 451\nSouth Mikelview, MN 60735-9650	\N	\N
499	Myrtice West V	5	6678 Corkery Orchard Suite 599\nPort Wilford, TN 88542	\N	\N
500	Sincere Greenholt	1	96304 Nitzsche Canyon Suite 705\nNorth Desireeshire, DE 59430	\N	\N
501	Dominic Powlowski	6	699 Daniel Plaza Suite 759\nLake Edythemouth, MO 32024	\N	\N
502	Mitchel Collins	7	13191 Halvorson Grove\nGuyside, AK 00785	\N	\N
503	Imani Ratke Jr.	9	41504 Cordell Plain\nKearaside, NM 92847-4084	\N	\N
504	Aurelio Schimmel MD	6	151 Hayes Road\nSouth Yeseniamouth, MD 61038	\N	\N
505	Dee Bernhard	2	79804 Lesch Garden\nBodefurt, MT 50922	\N	\N
506	Prof. Eliezer Ruecker DDS	5	48490 Rosalia Unions Suite 564\nLake Rosariobury, MI 47560	\N	\N
507	Miss Cydney Balistreri MD	1	9757 Darrell Inlet\nThorachester, MD 56669	\N	\N
508	Jonatan Waelchi	5	3810 Emmanuelle Mill\nWest Melisaview, CO 60485-3472	\N	\N
509	Alverta Tromp	6	6434 Finn Court\nNorth Reyesmouth, MT 96916	\N	\N
510	Donnie Heller	4	156 Boyer Knolls Apt. 007\nNienowmouth, IN 83756	\N	\N
511	Dr. Norene Wisozk V	9	74726 Christop Loop\nTrompshire, KY 55781	\N	\N
512	Prof. Sylvan Ruecker DVM	7	24951 Weber Tunnel Apt. 838\nPagacville, AR 87144-6191	\N	\N
513	Juwan Kessler	7	466 Cremin Forges\nEast Briana, CT 02050-6672	\N	\N
514	Carolanne Gibson	2	3023 Simonis Vista Apt. 725\nEstherfurt, VA 39435	\N	\N
515	Dr. Michel Tillman III	1	3676 Brain Course\nWest Kailyn, SC 46031	\N	\N
516	Reyes Ferry	4	15813 Bashirian Cliff Apt. 437\nWest Mayaborough, MT 32366-5293	\N	\N
517	Eladio Hahn MD	7	5701 Tyrell Tunnel Apt. 525\nNew Isac, NM 92657	\N	\N
518	Rita Walsh	6	68646 Tillman Ville\nPort Elizabethshire, MA 84477-7106	\N	\N
519	Madyson Moore	7	4298 Hermann Bridge\nJosianneville, SD 02799-4053	\N	\N
520	Dr. Aileen Bauch MD	8	163 Hackett Alley Apt. 974\nRippinview, AL 24841	\N	\N
521	Gudrun Medhurst II	2	487 Pfannerstill Oval Apt. 264\nNorth Drewstad, TX 23393-0035	\N	\N
522	Mr. Monte Greenholt	6	33646 McLaughlin Stravenue Suite 551\nSouth Delilahberg, AL 48632	\N	\N
523	Ansley Corkery	7	7341 King Underpass\nSouth Ryleigh, NH 61073	\N	\N
524	Verner Jerde	4	1391 Jaida Rapids Suite 267\nSouth Palma, NH 55406-3744	\N	\N
525	Dr. Ferne Stiedemann	5	92845 Mitchel Harbors\nWest Antonietta, NM 10105	\N	\N
526	Dr. Libby Kemmer IV	7	87625 Goyette Villages Apt. 547\nLake Spencerstad, NC 94441-7740	\N	\N
527	Kathryn Fadel Sr.	3	207 Dorris Village\nOkunevaport, ME 92404	\N	\N
528	Sage Prohaska	6	373 Leonor Square\nSchneiderhaven, MA 15346	\N	\N
529	Vicenta Gottlieb	5	148 Ankunding Prairie\nRennerside, AZ 78704	\N	\N
530	Hudson White	2	7683 Bryon Mountain Apt. 721\nReynaville, ME 47603	\N	\N
531	Savanah Osinski	1	50340 Haag Mission\nPaucekton, MO 03429-3993	\N	\N
532	Kari Volkman	3	29636 Rosenbaum Cape Apt. 607\nGranttown, DC 10538	\N	\N
533	Verlie Senger IV	6	483 Aurelia Manor\nPort Rettafurt, MS 22676-0536	\N	\N
534	Alexanne Stehr	7	27082 Turcotte Light Suite 755\nNorth Cobyport, MN 30478	\N	\N
535	Hilbert Dickinson IV	7	65601 Davis Inlet Suite 397\nSouth Feltonland, CT 42961	\N	\N
536	Dr. Wava Feest III	9	1077 Elnora Mill Apt. 323\nNorth Ahmed, OH 88100	\N	\N
537	Claudie Rodriguez	5	11954 Kuhn Square Suite 241\nAnaberg, LA 06464-6949	\N	\N
538	Mr. Horace McClure MD	5	4641 Kuphal Camp Suite 644\nSouth Malika, AR 10443-5894	\N	\N
539	Viviane Gerlach	4	687 Angel Skyway Apt. 672\nMarcelinafort, UT 84645-4150	\N	\N
540	Larry Wisozk	3	18734 Mossie Tunnel Suite 019\nNew Allie, OH 68974-3461	\N	\N
541	Maddison Krajcik	7	253 Blanda Turnpike Suite 468\nSerenitychester, OH 42635	\N	\N
542	Jalyn Glover	1	6075 Melyna Landing Apt. 348\nNicolestad, DE 78806-7559	\N	\N
543	Garland Wiegand	8	361 Zulauf Rapids Suite 207\nMarquardtchester, ME 08722	\N	\N
544	Prof. Oleta Windler	9	86530 Wyatt Pike Apt. 934\nSouth Erling, VT 19060	\N	\N
545	Marisa Ebert	8	566 Grady Plain\nPort Annabelle, AZ 37704-7499	\N	\N
546	Leanne Ernser	7	820 Johnson Cliffs Suite 275\nKelleychester, NH 85725-2224	\N	\N
547	Jaclyn Rutherford	1	5496 Torphy Parkway\nMarisolberg, AZ 53384-5031	\N	\N
548	Francisco Kutch	3	4761 Koch Bypass\nEast Rosaleeview, NJ 61859	\N	\N
549	Miss Maci McGlynn	6	19396 Orlando Mills\nEast Nannieshire, IA 24999-9961	\N	\N
550	Prof. Milan Becker DDS	9	49755 Kristopher Ville\nTitusfort, NJ 96520	\N	\N
551	Claudie Labadie	9	1496 Delfina Turnpike Suite 578\nSouth Joshuahaven, WV 65732	\N	\N
552	Leanna Hauck	9	280 Haley Skyway Suite 156\nAryannaton, VA 86123	\N	\N
553	Ms. Velma Vandervort DDS	5	392 Heaney Loop\nFrancostad, WY 19916-5578	\N	\N
554	Malinda Torphy Jr.	9	400 Lubowitz Loop Apt. 036\nNew Wendellburgh, RI 18364	\N	\N
555	Nicolas O'Connell	8	469 Gaylord Spurs Apt. 614\nKrystelhaven, IL 10399-1962	\N	\N
556	Ansel Kilback	8	3808 Stan Street Suite 170\nSchowaltermouth, AZ 40179	\N	\N
557	Miss Claudine Zboncak III	7	279 Cassie Ford Apt. 103\nSouth Lupe, LA 55248-3361	\N	\N
558	Sandy Oberbrunner III	4	4082 Cormier Landing\nEast Havenhaven, SD 91209	\N	\N
559	Karina Eichmann II	3	36287 Hagenes Junction Apt. 221\nNorth Amari, MI 38818	\N	\N
560	Vergie Lueilwitz	7	11621 Stuart Viaduct\nNew Jessyborough, AZ 98800	\N	\N
561	Abagail Hauck	8	24587 Herman Canyon Apt. 366\nMarkusburgh, MT 69628	\N	\N
562	Jaydon Thiel	5	5715 Paucek Flat Suite 675\nKuhlmanport, MD 57202	\N	\N
563	Dr. Stephania Stehr	2	886 Kianna Burgs\nLake Samantaborough, NH 08215-6581	\N	\N
564	Stone Trantow	8	73472 Harvey Field Apt. 709\nNew Gladysborough, RI 88090-8510	\N	\N
565	Sheridan Reynolds	4	88977 Noelia Villages Suite 182\nTrentport, DC 58080	\N	\N
566	Dr. Marlon Stamm	9	390 Rogahn Grove\nPort Aniyamouth, UT 09659	\N	\N
567	Mrs. Bianka Stiedemann	1	85471 Lawrence Tunnel\nEast Geovany, MN 53938	\N	\N
568	Melyna Walsh	1	29148 Price Club Apt. 207\nErnestinastad, PA 73716-0007	\N	\N
569	Coty Green	4	19906 West Haven\nGloverville, WA 59080	\N	\N
570	Mr. Darrion Kulas I	5	8682 McDermott Flat\nWest Alysa, CA 38199	\N	\N
571	Dr. Sanford Emmerich I	1	59375 Nigel Rue\nWest Felton, IN 27958-8622	\N	\N
572	Remington Cartwright	7	281 Schamberger Tunnel Suite 453\nSmithamberg, SC 67260	\N	\N
573	Janae Abernathy	2	58083 Powlowski Center\nNorth Joaquinport, MN 02256-3512	\N	\N
574	Miss Natalia Hand IV	1	817 Tanner Lakes\nNorth Kaciborough, SD 45363-5014	\N	\N
575	Julius Gulgowski	2	7034 Deckow Drive Apt. 370\nChamplinshire, NH 66178	\N	\N
576	Jermain Stracke	5	513 Isidro Oval\nHeaneyburgh, NM 29910	\N	\N
577	Adah Bergstrom	5	727 McCullough Trail\nCreminburgh, AL 80019	\N	\N
578	Lessie Frami	7	9837 Chelsie Summit\nNew Marguerite, PA 45177	\N	\N
579	Vaughn Hilpert	4	846 Lacy Common Apt. 032\nNew Kendallmouth, NH 80586	\N	\N
580	Miss Lera Mraz	2	6822 Shea Extension\nTrishahaven, NC 25780	\N	\N
581	Prof. Marcella Botsford	4	97376 Weber Overpass Suite 808\nSouth Freddie, IA 16161-7123	\N	\N
582	Delilah Gottlieb	6	84721 Price Ferry Suite 282\nEast Laurelton, NC 51262	\N	\N
583	Dr. Creola Hand MD	1	5419 Ritchie Way\nMcLaughlinberg, LA 69505-6460	\N	\N
584	Randal Bernhard	8	41839 Heaven Cape Apt. 040\nLake Raymundo, RI 67224-4606	\N	\N
585	Lavinia Tremblay PhD	7	2134 Gail Shores Apt. 609\nVerlieton, CO 57618-9144	\N	\N
586	Tara Streich IV	9	51463 Heaney Green\nO'Keefeburgh, MI 61270	\N	\N
587	Horace Kshlerin III	1	43931 Rolfson Station Apt. 302\nChayamouth, DE 31983-4130	\N	\N
588	Keanu Kerluke	8	700 Minerva Place\nNorth Lilly, NJ 17552	\N	\N
589	Kristy Mayert	1	93113 Ward Springs Apt. 157\nPort Mattiehaven, MI 27249-4435	\N	\N
590	Deshawn Hodkiewicz III	3	63557 Vandervort Village\nCarmelshire, HI 87408-2657	\N	\N
591	Santos Gulgowski	1	3565 Ledner Shore Suite 905\nBlockchester, AL 91793	\N	\N
592	Abe Nienow	5	824 Howell Hollow Suite 492\nJacobsonbury, WI 33011	\N	\N
593	Cleveland Shields	2	362 Lockman Cape Suite 219\nDangelofurt, GA 57376	\N	\N
594	Lorenz Gusikowski	1	42215 Corkery Center\nSouth Laurastad, OK 25402-7355	\N	\N
595	Cassandra Gleichner	1	444 Orion Trafficway\nNew Devante, AK 34032	\N	\N
596	Watson Tromp	8	525 Schuppe Terrace Suite 010\nJavonberg, NY 61253-1331	\N	\N
597	Corrine Mitchell	5	2909 Hoppe Falls Suite 778\nLake Mittie, NY 35160	\N	\N
598	Tracy Shanahan	7	80438 Rippin Avenue Apt. 324\nOrrintown, CT 72848	\N	\N
599	Daija Smitham Sr.	7	4172 Cloyd Way Apt. 441\nNew Darrick, IN 45648-8640	\N	\N
600	Murray Gleichner	5	229 Jacky Drive Apt. 402\nLilianashire, WI 94645	\N	\N
601	Kavon Fisher	1	7407 Dan Neck Apt. 178\nPort Belle, MT 76805	\N	\N
602	Kaleigh Okuneva	6	665 Jack Meadows\nNew Gonzaloport, IN 32480	\N	\N
603	Caterina Marvin	5	92851 Bernier Mall Apt. 056\nKlingmouth, WI 23104	\N	\N
604	Martine Schmidt MD	3	6538 Polly Mountains\nPaucekshire, CO 50340-3607	\N	\N
605	Virginie McLaughlin	4	844 Doyle Garden Suite 213\nLake Viola, HI 99677	\N	\N
606	Miss Halie Durgan	2	524 Hamill Gateway\nHilllhaven, UT 01330-2228	\N	\N
607	Hal Bechtelar	6	5785 Schuppe Loop\nEast Mafalda, NV 09037	\N	\N
608	Willie Mann II	5	6077 Timmy Groves Apt. 182\nNorth Madisenburgh, KY 03120-1351	\N	\N
609	Prof. Lilla Koch	9	224 Pfannerstill Creek Suite 728\nNew Mina, IN 90319-5106	\N	\N
610	Prof. Dovie Lebsack DDS	5	8721 Rodrick Trace Apt. 399\nSouth Juliana, NM 02256	\N	\N
611	Brandi McDermott	2	369 Paolo Port\nAssuntaton, AL 26980	\N	\N
612	Mr. Hans Kihn	9	74876 Mayer Ports\nKeeblertown, HI 51436	\N	\N
613	Miss Reina McKenzie	9	197 Lang Stream Suite 922\nEstellchester, ID 94916-7290	\N	\N
614	Mrs. Lysanne Klocko	3	4560 Hackett Square\nPort Mayastad, AL 40815	\N	\N
615	Prof. Rolando Mayer	2	282 Bernier Unions\nGleichnerstad, MT 37721	\N	\N
616	Amara Kunde	1	98263 Langworth Shoals\nZemlakshire, NC 04117-1666	\N	\N
617	Prof. Darrel Spinka	9	177 Koss Garden\nEast Jamarcustown, KY 34619	\N	\N
618	Ms. Bailee Johnston	1	35314 Fritsch Roads\nKalebside, OR 01516-6681	\N	\N
619	Taya Strosin MD	3	3375 Walker Orchard Apt. 288\nSouth Eldora, NV 45628-9685	\N	\N
620	Jared Miller	1	789 Libbie Station\nNorth Caseymouth, VA 69891-9807	\N	\N
621	Myrtle Corkery II	4	75679 Bettye Motorway\nMireillehaven, IN 64636	\N	\N
622	Donnie Rau	3	311 Mayert Heights\nLake Fletaville, DC 92796	\N	\N
623	Dr. Reggie Watsica	1	96907 Runolfsson Ridges\nLauraland, ME 03529	\N	\N
624	Jamison Glover	1	599 Nestor Flat Suite 432\nCobybury, VA 52543-0761	\N	\N
625	Rozella Kilback	6	534 Gulgowski Lake Apt. 990\nLake Jalyn, MS 34843	\N	\N
626	Kariane Schulist	9	27905 Hand Green Apt. 570\nSkilesville, WI 94796-6274	\N	\N
627	Charlotte Ziemann IV	6	846 Abigail Junctions\nNorth Marianne, KS 13059-5860	\N	\N
628	Kallie Connelly DVM	4	33796 Sedrick Mountain Apt. 591\nHaneton, UT 55150-8800	\N	\N
629	Dr. Alden Rolfson IV	9	512 Eva Fork Suite 404\nSouth Deloresview, MO 47793-6520	\N	\N
630	Ole Kessler	7	267 Cyril Shore\nLake Xander, KY 95982-6518	\N	\N
631	Mozelle Fadel	5	6277 Aylin Throughway Suite 487\nNew Raphaelleport, ND 68245-1813	\N	\N
632	Colin Lakin	7	848 Amelie Rest\nSkileschester, NH 98380	\N	\N
633	Earnest Thompson Jr.	3	3483 Lorenza Cape Suite 506\nSouth Ole, WY 39223	\N	\N
634	Caterina Kautzer	1	33095 Klein Route Suite 762\nSouth Kileyfort, CA 40836	\N	\N
635	Prof. Sonya Boyle I	7	72863 Herzog Square Apt. 389\nPort Alice, AR 02863	\N	\N
636	Emiliano Ritchie	6	7671 Guido Port Suite 568\nCandelarioton, WA 24810-8017	\N	\N
637	Mrs. Hassie Schulist V	8	2476 Terry Vista\nNew Mathilde, CA 48934-7206	\N	\N
638	Brigitte Huel DVM	6	9908 Berge Throughway\nPort Abbyhaven, MT 33929	\N	\N
639	Ms. Chyna Crist III	9	45114 Jason Ridge\nHenryville, MS 22195	\N	\N
640	Abel Miller	5	60837 Roderick Station Apt. 098\nEast Margarete, NC 46311	\N	\N
641	Amy VonRueden	9	35532 Claire Fall Suite 915\nNew Amosport, DC 42072-8216	\N	\N
642	Manuel Waelchi	9	17397 Crooks Underpass\nLake Eudora, WV 31708	\N	\N
643	Jewell Cruickshank	6	1479 Purdy Port Suite 128\nNew Jerald, OH 34505	\N	\N
644	Cindy Doyle	9	695 Lemke Estates Suite 932\nDareborough, GA 07374	\N	\N
645	Prof. Marquis O'Kon	2	257 Jazlyn Burg Suite 388\nPort Consuelo, FL 98491-8578	\N	\N
646	Nettie Carter	3	7731 Durgan Glens\nRaphaelside, ME 28639	\N	\N
647	Stone Bednar DVM	9	1610 Friesen Burgs\nAnnettehaven, NV 56289-1551	\N	\N
648	Prof. Greyson Klein	3	47754 Stracke Junction Apt. 041\nKirkmouth, MA 25703-2987	\N	\N
649	Loy Beatty PhD	5	3038 Monserrate Bypass\nWest Jesse, OK 01675	\N	\N
650	Lane Dicki	4	3412 Gottlieb Extension Suite 688\nPort Edabury, NH 36187	\N	\N
651	Cyril Krajcik	5	2341 Patricia Square\nEast Carey, MN 30050-3976	\N	\N
652	Orin Kuphal	7	8416 Alycia Alley\nWest Maymietown, MI 68901-9127	\N	\N
653	Rosina Schimmel	8	84887 Henderson Plaza Suite 999\nReinholdborough, MO 61605	\N	\N
654	Hailee Nikolaus	5	543 Laron Walk Suite 260\nLake Kathlyn, MN 16256-9474	\N	\N
655	Nathen Casper	2	84067 Jackie Spurs\nHeathcoteland, MD 18689-6630	\N	\N
656	Helene Goodwin	3	22235 Rahsaan Harbors\nNorth Georgettefort, WA 28833	\N	\N
657	Callie Ebert	6	20504 Parisian Prairie Apt. 390\nJohathanfort, OR 50050	\N	\N
658	Robbie Stehr	3	8604 Cormier Drive\nIdellville, WA 83916	\N	\N
659	Linwood Cummings Jr.	2	9780 Feeney Center Suite 038\nKeeleytown, CO 49892	\N	\N
660	Mr. Olen Marks	1	1656 Irving View\nMaggioshire, NV 02312	\N	\N
661	Jovany Harris I	4	88169 Harvey Lights Apt. 264\nEast Camryn, TX 09044-7584	\N	\N
662	Justen Upton	7	789 Amelie Square Apt. 659\nWest Eve, MT 75401-1093	\N	\N
663	Agnes Boyle	9	6531 Predovic Union\nEliasberg, IA 70753-9741	\N	\N
664	Amanda O'Keefe	8	6558 Dana Burg\nPagacport, MN 14984	\N	\N
665	Dr. Miracle Boyer	2	4909 Jones Forges\nNew Kathryneton, AL 42098-1698	\N	\N
666	Carissa Schamberger	7	4739 Kuphal Rapids Apt. 321\nEast Gerhardville, HI 22048	\N	\N
667	Izaiah Breitenberg	1	8272 Kuhic Squares\nMckennaberg, HI 83709-4396	\N	\N
668	Christophe Lebsack	9	71854 Nasir Tunnel Apt. 360\nDickifort, NM 74121	\N	\N
669	Buddy Williamson	6	637 Oberbrunner Estates\nJaysonland, KS 26688-4383	\N	\N
670	Dr. Demario Abshire	4	244 Arlene Squares Apt. 801\nSabinaland, OH 36290-3511	\N	\N
671	Ladarius Lowe	1	82276 Ethelyn Fork\nWilkinsonmouth, NV 64412	\N	\N
672	Dr. Velva Stehr	3	17820 King Flats\nNorth Flo, MS 78411	\N	\N
673	Jerrold Gerlach	6	439 Bartell Fall Apt. 696\nPort Name, TN 78157-5069	\N	\N
674	Alva Lang	3	291 Jodie Union\nTremblayberg, VA 85509	\N	\N
675	Dylan Wiegand	4	337 Tate Brooks Apt. 975\nWest Joanamouth, NJ 43814-8530	\N	\N
676	Sim Weimann	6	10870 Charity Loaf\nMohammedburgh, TX 59810-5737	\N	\N
677	Dr. Jaqueline Bogan	1	6718 Glenda Locks\nSouth Deontae, IN 87802-9900	\N	\N
678	Lori Stiedemann	9	374 Adrianna Curve\nWest Tiara, MT 29519-0490	\N	\N
679	Wilton Conroy Jr.	6	34639 Karen Overpass Apt. 768\nJanetstad, SC 01311-1613	\N	\N
680	Moriah Boyle	4	74618 Koss Locks\nAlicebury, LA 36442	\N	\N
681	Jacky Jacobs	9	962 Harold Burgs Apt. 136\nNorth Louisa, NE 64243-3651	\N	\N
682	Francis Bernier	9	937 Lori Circle Apt. 758\nEast Teresafort, MS 34262	\N	\N
683	Valentine Mayert	7	3632 Gulgowski Mission\nLake Sanfordberg, SD 85094-0821	\N	\N
684	Devante McDermott	6	86568 Ilene Rue Suite 264\nNew Karinefurt, OK 31265	\N	\N
685	Granville McGlynn	4	50379 Zieme Hills Apt. 061\nRebekaburgh, OK 66458-3334	\N	\N
686	Kyra Gorczany	2	757 Rogers Square\nEast Reinholdside, DC 05859-8514	\N	\N
687	Mae Lang II	2	7502 Jacobson Wall Apt. 241\nSpinkahaven, DE 19161-6196	\N	\N
688	Ubaldo Dietrich	5	42021 Romaguera Lights Suite 661\nNew Juniormouth, NE 20768	\N	\N
689	Caleb Funk	9	419 Vella Highway Apt. 578\nNew Bertrambury, WI 35199	\N	\N
690	Rose Cartwright	2	4293 Hillary Squares Suite 118\nCamdenbury, MI 47943-3937	\N	\N
691	Mrs. Leann Cronin PhD	6	8642 Von Overpass Suite 251\nSouth Hildegardchester, DC 72124-0203	\N	\N
692	Hank Funk	7	6526 Okuneva Forge\nVernicebury, LA 23404-2346	\N	\N
693	Shayna Bergnaum	2	8623 Oberbrunner Run\nSouth Catharinefort, OR 28208-2960	\N	\N
694	Joany Price	6	2700 Rocky Trace\nTroytown, MO 05863-4772	\N	\N
695	Pietro Gottlieb	6	64087 Fisher Way Apt. 559\nMosciskitown, OH 12405-4488	\N	\N
696	Ms. Johanna Klocko	1	76251 Schoen Port\nNorth Jonatanfurt, SD 13653	\N	\N
697	Prof. Friedrich Powlowski Jr.	5	9689 Ruthie Lakes\nEast Imelda, MS 45475	\N	\N
698	Linnea Blick	1	697 Forrest Port Suite 896\nHilariofurt, LA 28944	\N	\N
699	Alvera Carroll Sr.	6	7607 Gaylord Fall\nRosalindmouth, ND 54685	\N	\N
700	Prof. Waldo Strosin MD	5	533 Bailey Curve\nSouth Kayleeview, AL 17400	\N	\N
701	Reagan Lemke	5	3678 Christina Forest\nWest Darius, RI 63514-9306	\N	\N
702	Marshall Goyette	4	780 West Mills\nEast Joycehaven, IL 37720-3935	\N	\N
703	Lois Kuvalis	9	13615 Ebert Glen\nKeelychester, OH 93632	\N	\N
704	Jude Lang	9	7062 Julio Ports Apt. 718\nPort Elsa, VA 37784	\N	\N
705	Arlene Trantow	7	7773 Kacey Union Apt. 889\nFraneckistad, ME 45569-6923	\N	\N
706	Fred Kassulke I	5	602 Hilpert Forest\nLake Jeromybury, NE 50971	\N	\N
707	Kelvin Lockman	1	85137 Camryn Ramp Suite 611\nKriston, DE 98437	\N	\N
708	Mrs. Tessie Harvey	6	927 Jerrold Fords\nWest Gustave, ME 89115-5257	\N	\N
709	Willa Cormier	1	940 Wehner Heights Apt. 670\nEast Oscarshire, WI 81245-7950	\N	\N
710	Eldora Emmerich	3	607 Edyth Inlet\nEthaland, DC 96002-3275	\N	\N
711	Chadrick Tremblay	6	1019 Hodkiewicz Highway Apt. 743\nLake Shanaland, DE 23560	\N	\N
712	Dr. Bella Murphy	3	401 Kuhn Motorway\nDachburgh, DC 91067-6057	\N	\N
713	Prof. Seamus Koch	9	634 Halvorson Inlet Apt. 067\nCamryntown, WI 21896	\N	\N
714	Judson Beahan III	8	6807 Franecki Forges Apt. 247\nRohanstad, AK 54316-6269	\N	\N
715	Esta Lockman	5	6507 Danny Hills Apt. 853\nFisherborough, WA 61805	\N	\N
716	Mrs. Fanny Kuhic	8	70458 Newton Forest\nTristiantown, NE 59297-7011	\N	\N
717	Mr. Carmel Labadie IV	8	4548 Marlene Lakes\nSouth Albertburgh, AZ 40134-8553	\N	\N
718	Gabriella Thiel	8	54155 Batz Ramp\nTamiaside, VT 83106	\N	\N
719	Mrs. Lessie Kub	5	4922 Cole Valleys\nEast Keely, WY 32382-6967	\N	\N
720	Janice Wisoky	8	9719 Felicity Ford\nSouth Elroyport, AL 02114-8088	\N	\N
721	Dr. Wyatt Schaden III	2	7044 Joana View\nNew Vanessa, MS 52298-3054	\N	\N
722	William Jerde	9	14059 Tillman Way Apt. 646\nEast Abdiel, NY 24829	\N	\N
723	Prof. Solon Gerlach II	4	40649 Laurine Trafficway\nMayertfort, AR 70277-0320	\N	\N
724	Ms. Janie Brown Jr.	6	18144 Schmidt Square\nNorth Kaileyside, WY 01863-7533	\N	\N
725	Terry Pollich	9	2152 Beatty Wells\nNorth Corneliusborough, NC 20745-3935	\N	\N
726	Kirstin Morar	1	63459 Ernestine Stream\nMasonport, IL 73907	\N	\N
727	Sherwood Sipes	3	301 Cruz Throughway\nEast Gina, AR 08708	\N	\N
728	Dino Reinger PhD	1	850 Maeve Forest\nLake Jeremy, WI 86455	\N	\N
729	Jayden Bartoletti IV	5	621 Olson Motorway\nWest Caleighborough, MA 94783-3754	\N	\N
730	Corrine Rau	4	38660 Neva Club Apt. 775\nBuckridgemouth, OK 74004	\N	\N
731	Hiram Schroeder	8	5248 Kautzer Lakes Suite 336\nLambertshire, AZ 89529-3305	\N	\N
732	Webster Steuber	6	2030 Lemke Stream\nSchmelertown, GA 69595	\N	\N
733	Dr. Eugenia Fisher MD	2	5411 Eichmann Glens Apt. 456\nLeuschkebury, OH 98683	\N	\N
734	Prof. Payton Davis	7	5849 Geovanni Extension\nDarrelbury, TN 06185-2299	\N	\N
735	Tre Ratke	4	61870 Talon Stravenue Suite 785\nSouth Wilhelm, HI 98052-0425	\N	\N
736	Krystal Turner	2	402 Jenifer Junctions Suite 127\nLake Yolanda, NM 58230-8806	\N	\N
737	Agnes Marquardt	9	237 Fiona Drive\nWest Martina, NY 89007	\N	\N
738	Chandler Bradtke III	3	1571 Schaden Courts\nNew Everettetown, ND 15147	\N	\N
739	Dawson Schumm	4	63247 Stracke Run\nPort Marcelleview, ID 68735-7569	\N	\N
740	Dena Mueller	5	4812 Maximus River\nWest Michaela, NE 58621-3131	\N	\N
741	Ansel Jones	5	4961 Vern Inlet Suite 490\nMylenetown, PA 85325	\N	\N
742	Shaina Abbott	8	80137 Funk Mills Suite 348\nBrettberg, GA 26876	\N	\N
743	Heaven Walsh	8	3150 Sharon Ranch Apt. 959\nNew Tremayne, SC 49011	\N	\N
744	Shea Wyman	7	168 Romaguera Shoal Suite 911\nCooperhaven, SC 27028	\N	\N
745	Orion Pfeffer	4	42731 Ophelia Keys\nLake Elliot, MN 38600	\N	\N
746	Rosario Legros DDS	4	318 Wiza Locks\nEast Cordellside, PA 12176	\N	\N
747	Ms. Laurine Bailey	6	72165 Rempel Isle Suite 457\nJastville, IN 99901	\N	\N
748	Jewel Cole	2	8358 Carson Valleys Suite 674\nMayraburgh, DC 69412-4747	\N	\N
749	John McDermott	3	377 Dalton Landing Apt. 491\nEast Selmer, DE 74436	\N	\N
750	Virginie Stamm	3	1168 Edgar Ports Apt. 595\nWest Kamron, NH 64243	\N	\N
751	Lilian Eichmann	9	9756 Kaden Ramp Suite 916\nLake Orafort, WI 43340	\N	\N
752	Dr. Twila Nikolaus PhD	5	7609 Lemke Loop Suite 681\nMarksview, KS 40256	\N	\N
753	Hortense Miller	6	9986 Chandler Mountain\nWest Revahaven, WY 69482-9098	\N	\N
754	Oral O'Reilly	2	44811 Eloy Locks\nMarquesside, WY 31301	\N	\N
755	Dena Greenfelder	7	80174 Antonietta Green Suite 681\nPort Willberg, MI 18180-1151	\N	\N
756	Frederick Dooley	4	673 Robyn Cliffs Suite 421\nNew Cedrickside, HI 94509	\N	\N
757	Callie Denesik	1	543 Vance Court Suite 146\nKeelingmouth, LA 43115-2836	\N	\N
758	Dr. Camryn Dicki DDS	2	123 Jennyfer Views Apt. 060\nLake Lilianburgh, AL 99457-0195	\N	\N
759	Allan Collins	6	2372 Rosenbaum Mill\nHaleyland, SD 70710-3020	\N	\N
760	Mable O'Reilly	5	93775 Alexandrea Rue Suite 682\nNew Edythe, LA 65261-5133	\N	\N
761	Mrs. Lola Konopelski DVM	9	366 Hagenes Wall Apt. 059\nNew Enos, DE 95369-3745	\N	\N
762	Jeanie Lehner	7	287 Price Well\nMiraclemouth, VT 59389	\N	\N
763	Sadie Grady	2	502 Adams Pine Apt. 641\nEast Cesar, MI 30084-2365	\N	\N
764	Margarett Gutmann IV	1	319 Harris Ramp Apt. 333\nElianetown, IA 40109-2600	\N	\N
765	Prof. Verner Zboncak Sr.	4	67891 Wilkinson Extensions Suite 829\nO'Connerburgh, IA 21070	\N	\N
766	Adaline Simonis	5	50801 Yolanda Ways\nEast Shaniyafurt, SC 95250-2414	\N	\N
767	Mrs. Guadalupe Cassin	5	30561 Boyle Via\nSouth Jacinto, NC 51506-1471	\N	\N
768	Miss Kiarra Rempel	8	1788 Candace Isle Apt. 197\nNew Friedrichview, WV 87884	\N	\N
769	Prof. Autumn Hintz I	6	661 Leilani Rest Apt. 623\nLake Dixiemouth, WI 40393	\N	\N
770	Dr. Kianna Ledner II	5	91297 Torp Springs\nSouth Kyleeburgh, KY 60047	\N	\N
771	Mose Lubowitz	7	86376 Wintheiser Dam\nCandidatown, MN 24093-6361	\N	\N
772	Ewell Daniel IV	6	68943 Milan Mountains Apt. 747\nWest Liam, OK 71288-7344	\N	\N
773	Collin Cummerata	8	26611 Austyn Turnpike\nNorth Charlotte, KY 20380-2480	\N	\N
774	Mrs. Emilie McGlynn DVM	1	59479 Wallace Villages\nNew Cordellstad, SC 03549-6720	\N	\N
775	Dr. Janis Hills	4	34436 Price Cove\nAdanside, WV 40935	\N	\N
776	Jermey Daugherty	2	742 Chaim Ports\nNorth Clementinaview, MN 47751	\N	\N
777	Eda Windler	9	29875 Kiehn Ways Apt. 997\nStephanyfort, AK 02632	\N	\N
778	Dr. Demarcus Kuhlman	3	4614 Connelly Point\nSouth Aimeefort, CA 86335	\N	\N
779	Prof. Yvette Conn	5	550 Brock Courts\nMonatown, IL 53945-7790	\N	\N
780	Madison Runolfsson	8	4964 Shields Islands\nNorth Velma, NM 89372	\N	\N
781	Aiyana Goyette	8	566 Koelpin Harbor Apt. 974\nLake Judson, WY 62914	\N	\N
782	Ariane Hamill	4	4911 Alexys Fall Apt. 922\nThompsonland, NE 77907	\N	\N
783	Dr. Cade Jaskolski	2	351 Aidan Manors\nNorth Sylvanhaven, OK 60836	\N	\N
784	Treva Zboncak	6	8613 Lesch Inlet Apt. 551\nJonesburgh, MI 11925	\N	\N
785	Mr. Weston Kreiger DDS	7	410 Terry View\nKihntown, UT 06527	\N	\N
786	Mrs. Antonette Thiel PhD	2	801 Nitzsche Parkways Apt. 291\nDaxfort, TX 72044-9946	\N	\N
787	Annabell Mann	7	6753 Hegmann Lodge\nNew Loyce, WY 33803	\N	\N
788	Miss Precious Hamill	5	83842 Schimmel Flat Apt. 949\nLake Augustinefort, OH 18890	\N	\N
789	Bailey Kiehn	2	3248 Moore Vista Apt. 733\nLake Yasmine, DC 28202-1691	\N	\N
790	Mrs. Ida Bins II	9	51721 Orrin Unions Suite 261\nKrajcikshire, WY 94642-6278	\N	\N
791	Ms. Desiree Ryan DDS	8	76071 Kaia Street Suite 326\nVandervortshire, GA 96767-5547	\N	\N
792	Mr. Devan Anderson	3	225 Kunde Island\nKatelynntown, FL 18001-8561	\N	\N
793	Gladys Terry	3	7704 Hauck Plains Suite 323\nPourosfort, MA 25074	\N	\N
794	Ramiro Gusikowski	8	492 Gregoria Cliff Suite 591\nPort Russ, NJ 08557	\N	\N
795	Ashtyn Crona	2	8774 Dolores Skyway\nBuckville, NE 85719-5049	\N	\N
796	Paige Brekke	6	824 Misael Lodge Suite 548\nSouth Dejuan, SC 33842	\N	\N
797	Carmella Kuhn Jr.	5	2204 Camden Lake Apt. 201\nEast Adolfo, NY 26434	\N	\N
798	Dr. Everett Runolfsson	7	243 Mittie Oval\nPrincessbury, WY 20015-7852	\N	\N
799	Reina Kuhlman	3	7579 Lynch Road\nDonton, SD 88104-9792	\N	\N
800	Dr. David Wiza	6	2253 Armstrong Extension Apt. 082\nWest Emeliahaven, FL 29279-5791	\N	\N
801	Nettie Steuber	8	80607 Bogan Mews\nEast Vickyside, MI 80466	\N	\N
802	Elisabeth Romaguera	3	2188 Violet Brook Suite 505\nNew Kody, NY 24667-0150	\N	\N
803	Gaylord Collins	9	86683 Altenwerth Ridges\nWest Angusfurt, MO 94425-9894	\N	\N
804	Cali Mayert Sr.	9	573 Barry Spur\nDuBuqueside, LA 97385-8842	\N	\N
805	Prof. Delbert Johns	7	7903 Micah Station\nGerlachhaven, NH 31618	\N	\N
806	Name Kozey	5	88336 Reina Curve Apt. 829\nLake Delphia, SD 40633	\N	\N
807	Davon DuBuque	5	68863 Tiana Plains\nNew Demetrismouth, KY 43867-0774	\N	\N
808	Ashton Langworth	9	9412 Maggio Shoal\nHanestad, MD 44392	\N	\N
809	Triston Robel	8	2338 Guido Underpass Suite 125\nNew Eloisa, CA 96814	\N	\N
810	Jazmyne Auer Jr.	8	473 Jermain Station Apt. 450\nKoelpinborough, MN 31864-0737	\N	\N
811	Reece Mueller	2	25654 Haley Turnpike\nVivianeville, WA 56642-3030	\N	\N
812	Dr. Austen Roob MD	3	7126 Gleichner Hill Suite 379\nLavonnechester, ID 00269-9641	\N	\N
813	Syble Hoeger	7	454 Heaney Junctions Suite 255\nIssacville, AK 30482	\N	\N
814	Elvie Leffler I	7	378 Chanel Oval\nMoenville, DE 90460	\N	\N
815	Prof. Nicklaus Turner	2	480 Reinger Light Suite 964\nRusselport, CA 89826	\N	\N
816	Tessie Borer	8	5089 Jessika Well Suite 682\nSouth Trey, UT 69603	\N	\N
817	Felton Kiehn	4	5300 Lesch Centers Suite 238\nGlennastad, IN 50212	\N	\N
818	Dr. Marcella Kuhic DVM	7	9103 Stiedemann Pine Suite 827\nFisherfurt, TX 00881-5894	\N	\N
819	Kurt Heller Jr.	9	5582 Beer Manors Apt. 597\nNew Emorychester, GA 59965-7393	\N	\N
820	Dr. Toby Cruickshank	8	80207 Pete Square Apt. 889\nLake Kenyatta, OR 18545-1451	\N	\N
821	Cheyanne Heidenreich	1	178 Nienow Corner\nEleazarville, UT 34247	\N	\N
822	Jasper Rodriguez	1	13875 Alaina Gateway\nPort Keenanburgh, GA 67860-7385	\N	\N
823	Rebekah Romaguera	4	4755 Rippin Gardens Suite 772\nSouth Jaylonland, TX 19745-6885	\N	\N
824	Delphine Murazik	5	69993 Layne Knolls\nHallechester, VT 54268	\N	\N
825	Krystel Murray Sr.	2	89796 Olson Valley Suite 407\nRosellamouth, FL 44419	\N	\N
826	Trevor Weber IV	2	98623 Balistreri Squares Apt. 405\nLake Joyburgh, VA 62986	\N	\N
827	Prof. Jada Pfannerstill	4	590 Paucek Estate\nNew Giovanny, NE 81681	\N	\N
828	Dolores Ullrich	4	85530 Marisa Ridges\nEloisamouth, CA 76808-5971	\N	\N
829	Prof. Vida Hackett DVM	1	404 Aimee Underpass Apt. 303\nEast Luigi, CO 51311	\N	\N
830	Angela Mante	3	179 Stiedemann Common Apt. 321\nEast Candicemouth, NV 57749	\N	\N
831	Dr. Rolando Doyle	9	8660 Tara Ridges Suite 968\nJacyntheshire, IL 85821	\N	\N
832	Harry Ratke	1	30730 Beaulah Burgs Suite 166\nJanetfurt, NC 53805	\N	\N
833	Abigail Stehr	6	54971 Mertz Trail Suite 581\nLilyanfort, TX 36693	\N	\N
834	Mikel Windler	6	392 Moore Hills\nSouth Trevion, OH 59594-0706	\N	\N
835	Abigayle Braun	4	2491 Eldridge Stream Apt. 493\nSouth Zackaryview, NM 41971-3936	\N	\N
836	Kyla Rosenbaum	8	25176 Rempel Mews Suite 674\nOndrickashire, SC 44847	\N	\N
837	Dewayne Collier	9	60827 Bins Shoals\nLavinaside, CO 65890	\N	\N
838	Mr. Alessandro Gibson	2	30193 Jakubowski Square\nDickensland, NC 49525-6789	\N	\N
839	Devan Baumbach I	5	33298 Emily Stravenue Apt. 236\nSkylafort, MS 17797-0606	\N	\N
840	Ms. Elisabeth Grimes	8	5801 Bahringer Grove Apt. 640\nWest Willybury, CT 36036-4686	\N	\N
841	Deron Wisoky	2	20773 Stephania Bypass Apt. 006\nNorth Alecside, TN 22434-4937	\N	\N
842	Trent Schmitt	3	74939 Franecki Pike Suite 427\nWest Tillman, DE 22488	\N	\N
843	Ms. Yasmeen Kertzmann Jr.	6	197 Braun Mountain Suite 944\nEast Gailborough, AZ 28793	\N	\N
844	Joanie Huel	6	845 Satterfield Squares\nPort Chestermouth, IN 19279	\N	\N
845	Mr. Lincoln Morissette II	6	4962 Moore Trafficway\nWest Joeyberg, KS 22482-5712	\N	\N
846	Avis Smitham V	4	613 Antonette Roads\nPort Abraham, PA 57075-3469	\N	\N
847	Prof. Douglas Hintz	5	26696 Zboncak Summit Suite 063\nWest Domingofurt, MA 15154	\N	\N
848	Emerald Abbott	9	4321 Tromp Path Suite 554\nWest Alvaland, WA 51233	\N	\N
849	Camden Brown DVM	7	29235 Jovani Turnpike Apt. 550\nAdellafurt, IA 94178	\N	\N
850	Reymundo Rau	3	396 Roman Shore Apt. 436\nHoppebury, VA 95466	\N	\N
851	Ted Murphy	5	9391 Anya Burg Apt. 689\nBrekkeburgh, TX 68523	\N	\N
852	Adell Bartoletti	4	620 Felicity Hills Suite 414\nAmieville, NJ 24536-5904	\N	\N
853	Faye Durgan	8	605 Aidan Court\nPort Kaleighside, LA 89541	\N	\N
854	Prof. Caleigh Senger	1	487 Jerel Throughway\nWest Yoshiko, VA 25407	\N	\N
855	Mr. Brian Cruickshank PhD	3	100 Kenton Prairie Suite 231\nKademouth, KS 06387	\N	\N
856	Jackson Koepp	8	45482 America Well Suite 836\nBoehmland, AZ 79524-4849	\N	\N
857	Prof. Chris Cummerata II	9	4566 Lehner Island\nSouth Xzaviershire, NY 18247-9416	\N	\N
858	Prof. Jena Flatley II	3	483 Jaunita Cape\nAnseltown, OK 78067	\N	\N
859	Alycia Steuber	1	12620 D'Amore Via\nProhaskaville, CA 86600-3845	\N	\N
860	Jayson Wisozk	4	94804 Moen Knolls Apt. 539\nSouth Carroll, MI 60664	\N	\N
861	Alysson Stokes	9	2566 Abshire Manor\nMeaganberg, MD 40700	\N	\N
862	Prof. Lennie Stanton	8	38290 Ansley Prairie Suite 967\nNew Shaina, WA 60891-0174	\N	\N
863	Liana Goodwin	6	678 Oliver Groves\nWatsicaburgh, PA 03625-3511	\N	\N
864	Mr. Will Orn I	9	17952 Nitzsche Loaf Suite 155\nLunaport, NJ 66560	\N	\N
865	Emma Parker	1	231 Jordy Lodge\nPort Blairtown, SD 95655	\N	\N
866	Ms. Mya Herzog I	1	2677 Champlin Island Suite 608\nO'Connellberg, IN 72909-8173	\N	\N
867	Janice Armstrong	5	5539 Joshuah Corner\nNew Sheldon, ND 54578-1545	\N	\N
868	Elvie Collier	9	48983 Hipolito Plains\nPort Leannamouth, HI 81350-8145	\N	\N
869	Tremayne Dach	6	59391 Kariane Plain\nFavianfort, TX 58132-4747	\N	\N
870	Oran Marquardt	6	2697 Adaline Common\nAlessiaborough, IL 14036	\N	\N
871	Genesis Kerluke	4	92023 Brody Ville\nErnestport, CA 26525	\N	\N
872	Prof. Amy Dare DVM	8	22391 Deckow Station\nEast Blanche, CA 17366-3559	\N	\N
873	Lauriane Huels	1	168 VonRueden Fields\nNorth Eleanore, NV 06690-1596	\N	\N
874	Chesley Fay	3	63465 Shields Springs\nNew Torranceside, KS 11580-3803	\N	\N
875	Prof. Sheridan Jacobi	3	4756 Reggie Row\nEvelinefurt, DC 57764	\N	\N
876	Nick Wisozk	5	44227 Audrey Shoal Suite 389\nNew Estell, VT 35978-4086	\N	\N
877	Cameron Schiller V	9	532 Alfred Way Suite 102\nSouth Dionburgh, FL 83703-9312	\N	\N
878	Irma Rutherford IV	5	9233 Hackett Viaduct\nAbigaleborough, DC 65522-7478	\N	\N
879	Jerry Leannon	2	815 Dietrich Valleys Apt. 997\nWest Alessiaville, NV 72459	\N	\N
880	Orrin Zemlak	8	8152 Robel Fork Suite 748\nNorth Winonaberg, OH 27786-5432	\N	\N
881	Ford Schuster	8	5306 Buckridge Rapids Apt. 497\nBoyerhaven, CT 51479-5486	\N	\N
882	Mrs. Kaitlin Hermann	4	273 Stoltenberg Way Suite 987\nJeffryborough, ID 64245	\N	\N
883	Yvonne Jakubowski	9	48701 Lebsack Valley Apt. 611\nRiverview, MA 60704	\N	\N
884	Ms. Tess Rodriguez IV	6	6468 Streich Key Apt. 016\nStracketown, NC 19636-2545	\N	\N
885	Miss Shaylee Durgan	9	81127 Hayes Stravenue\nPort Heather, SC 07214-7404	\N	\N
886	Norris Glover	7	891 Dickens Wall\nSouth Tatumfort, DE 38246	\N	\N
887	Nico Dibbert	4	213 Ernser Pike\nBartellfort, NE 80354	\N	\N
888	Mr. Jerrold Sporer DDS	6	3498 Gloria Bypass Suite 410\nHayleeville, AZ 27326-5662	\N	\N
889	Mrs. Lysanne West	4	89842 Percy Mills Suite 812\nSouth Tinaborough, PA 05545-9536	\N	\N
890	Mr. Lorenz Rogahn	6	90372 Reichel Points\nLake Valentinville, NM 92259-6668	\N	\N
891	Aimee Wuckert	4	22467 Tad Branch\nPort Geomouth, MD 10059	\N	\N
892	Bertrand Kuhic	5	25884 Schoen Valley\nNorth Allymouth, MS 72577-6057	\N	\N
893	Dr. Walker Kerluke	6	290 Will Route Suite 940\nBlazefort, IN 56303-4862	\N	\N
894	Sonny Yost	3	917 Gibson Court Suite 360\nLake Julieton, OH 83413-4591	\N	\N
895	Shaina Murray	7	712 Natalia Hills Suite 486\nBrownhaven, HI 81568	\N	\N
896	Mr. Alexie Hegmann	3	297 Mosciski Ramp\nPort Zena, AZ 71299	\N	\N
897	Shirley Medhurst	2	7165 Schmitt Lakes\nScotburgh, VT 70488	\N	\N
898	Ms. Marjorie Nienow	2	8942 Miller Square Suite 763\nBlaiseton, MD 30060	\N	\N
899	Prof. Kyle Breitenberg Jr.	5	780 Verona Creek\nHarberfurt, NH 12101	\N	\N
900	Rickie Leffler	5	596 Johns Centers\nWehnerfort, GA 20523-7857	\N	\N
901	Mr. Ola Gorczany	5	74940 Casper Spur\nGleasonmouth, AK 05743	\N	\N
902	Kirstin Wisoky	1	702 Forest Trail\nJuliotown, IL 49888	\N	\N
903	Ms. Amiya Hane V	9	659 Hamill Hill Suite 768\nNew Patside, DE 47497	\N	\N
904	Graciela Kovacek	5	56295 McGlynn Rue\nHowellburgh, LA 81592-2783	\N	\N
905	Osvaldo Dach	1	11170 Hauck Mall\nNorth Tessie, WA 28929-5441	\N	\N
906	Chelsey Ankunding IV	3	6494 Bradtke Walks\nSouth Abdiel, MN 16738-6513	\N	\N
907	Kamryn Wintheiser	2	183 Edgar Radial Apt. 026\nCamronfurt, NY 60756	\N	\N
908	Gilberto Kuhic DVM	9	84327 Leda Path\nNorth Maxieland, NE 95219	\N	\N
909	Ronaldo Yundt	7	5452 Raegan Common Apt. 003\nNorth Abdielfurt, MA 67354	\N	\N
910	Ms. Laura Trantow	7	7119 Abshire Summit Apt. 141\nTrompfurt, MO 07039	\N	\N
911	Prof. Seth Prosacco	4	248 Parker Roads Apt. 081\nLake Ned, MA 36031	\N	\N
912	Frances Kris	9	8701 Cummerata Mill\nKohlertown, AZ 04450	\N	\N
913	Melissa VonRueden Sr.	9	94983 Efren Bypass Apt. 384\nSelmerland, TX 03466	\N	\N
914	Bernhard Ondricka	9	1618 Warren Villages Apt. 074\nBlandamouth, UT 08836-0724	\N	\N
915	Marianna Olson	6	8845 Greenholt Mills\nSouth Alfonzoside, TN 45195	\N	\N
916	Dr. Danial Friesen	8	58499 Malika Knoll\nBalistreriton, GA 08856	\N	\N
917	Junior Trantow	2	523 Era Roads\nJeremiefurt, NH 18058-5477	\N	\N
918	Annamae Ledner	5	1393 Considine Plaza Suite 166\nPort Jazmyne, NY 02870-7436	\N	\N
919	Hettie Thiel PhD	5	2246 Ritchie Route Suite 547\nStokesport, MI 82043-2750	\N	\N
920	Abner Rutherford	8	2974 Stanton Cliffs\nReillyberg, UT 24642	\N	\N
921	Miss Kaitlin Reinger II	6	50347 Jacobs Spurs Apt. 316\nLaynemouth, CO 32023	\N	\N
922	Dr. Okey Beier	7	885 Moen Forges\nSouth Enos, UT 27074-7963	\N	\N
923	Leanne Wolff	7	16544 Osinski Mountain\nStantonton, MO 28075	\N	\N
924	Karson Schaefer	9	5003 Will Plain\nCorneliusbury, PA 50743	\N	\N
925	Royce Hickle	6	3946 Kuhic Rapid Apt. 923\nMayview, SC 89703-3287	\N	\N
926	Hermann Bernhard	8	811 Hannah Mission Suite 300\nRomagueramouth, TN 02466-0693	\N	\N
927	Missouri Hackett	6	8427 Modesto Streets\nDaxville, ID 80257-9341	\N	\N
928	Prof. Alejandra Yundt	8	4941 Harvey Oval\nEast Orion, ND 53142	\N	\N
929	Garrett Rippin	9	32917 McClure Street\nSouth Samanthaburgh, MN 98141-8990	\N	\N
930	Anastasia Rodriguez III	2	9858 Rohan Well\nEast Elza, WY 93911-5203	\N	\N
931	Lucious Mitchell	7	55681 Emil Keys Suite 625\nLubowitzville, NM 66664-7089	\N	\N
932	Neoma Jacobi Sr.	2	55887 Rolfson Garden Suite 458\nLeannonmouth, WV 40846	\N	\N
933	Unique Franecki	5	90428 Pfannerstill Underpass Suite 586\nBeaumouth, PA 07011	\N	\N
934	Jaylan Pouros	1	326 Herman Harbors\nHansburgh, OH 59804-8631	\N	\N
935	Tristian Kautzer DVM	8	9838 Ferry Union\nEast Rita, OR 39830	\N	\N
936	Aurelio Hills DVM	2	948 Yasmeen Ramp\nJulioside, WA 45441-8170	\N	\N
937	Mossie Funk	5	6846 Sanford Forest\nKrajcikchester, AR 92094-1316	\N	\N
938	Mylene Bruen Jr.	3	601 Dessie Cliff\nNorth Amya, ND 16944-3808	\N	\N
939	Mrs. Dayna Schmidt	5	8323 Fadel Path Suite 434\nNew Akeemfort, WV 24960-3532	\N	\N
940	Wilford Halvorson	3	53059 Brannon Squares Apt. 193\nPort Marquis, NY 80544-2046	\N	\N
941	Chanelle Price II	3	733 Aurelio Junctions\nEast Kacieburgh, IN 69268	\N	\N
942	Alfonzo Mosciski	2	8959 Janae Lights Apt. 762\nWest Alaynaborough, ND 42278-9186	\N	\N
943	Horace Grimes	7	40913 Dallas Point Suite 997\nLebsackport, SC 49621-2505	\N	\N
944	Dortha Nitzsche	5	900 Donna Lodge Suite 285\nJadenville, WI 07241	\N	\N
945	Berenice Hirthe	6	255 Raven Roads Suite 578\nSouth Jaylinville, MN 66171	\N	\N
946	Carlie Kub	7	7570 Joanne Light\nDibbertfort, MI 40605	\N	\N
947	Mrs. Lelia Hackett V	1	70905 Greenfelder Drive\nNew Irwin, MS 20194	\N	\N
948	Prof. Brett Zieme	9	1029 Alana Garden\nNorth Camyllehaven, SD 91778	\N	\N
949	Madonna Wolff	6	662 Lila Prairie\nJacobistad, NV 69540	\N	\N
950	Marjorie Terry	7	972 Chelsie Mews Apt. 546\nNew Tyrellhaven, MO 06268-6542	\N	\N
951	Dr. Vilma Kuhn	6	3398 Doyle Lakes Apt. 213\nEast Alphonso, IA 14081-8674	\N	\N
952	Nova Trantow	8	773 Kaitlyn Heights Suite 668\nEast Bellmouth, MD 52482-4409	\N	\N
953	Shayne Goyette PhD	6	2143 Breitenberg Grove Apt. 737\nAltenwerthville, MI 85924	\N	\N
954	Gilbert Ward	8	8230 Lindgren Points Suite 083\nOsbaldoside, KY 31173-2735	\N	\N
955	Geovanny Wunsch	4	24567 Rickie Cape\nTowneland, IL 87154-8374	\N	\N
956	Jada Reynolds	3	887 Rath Viaduct\nWest Leopoldo, NE 58198-3072	\N	\N
957	Mr. Mavis Little	7	684 Berge Trafficway\nWest Tyrese, NV 00612-4263	\N	\N
958	Leilani Waters	8	832 Unique Neck\nNew Earnestine, OK 45345-5386	\N	\N
959	Tyshawn Russel	5	54583 Yoshiko Islands\nRolandoshire, IA 72672	\N	\N
960	Brycen Nienow	3	5898 Lula Wells\nWest Woodrowborough, NY 41735-2583	\N	\N
961	Janae Yundt	9	63989 Camylle Tunnel Suite 697\nPriceberg, AK 23652	\N	\N
962	Thomas Metz DDS	3	6990 Hudson Corners\nSouth Ernestine, VT 53472-6173	\N	\N
963	Damon Halvorson	7	76188 Haley Path\nMannville, AZ 19457	\N	\N
964	Patricia Upton	6	127 Kunze Ford Apt. 757\nNorth Jailynland, AZ 38204	\N	\N
965	Kelley Nikolaus	4	996 Cremin Squares\nWest Hannahland, ND 98752-6890	\N	\N
966	Humberto McLaughlin	7	568 Mayer Springs\nLake John, AZ 84280	\N	\N
967	Prof. Lue Torphy II	8	999 Mayert Skyway Suite 378\nKautzerhaven, UT 21719-9976	\N	\N
968	Naomi Willms	1	84663 Hermann Street Suite 229\nBrendanburgh, NJ 24017-8195	\N	\N
969	Kade Mertz	6	28169 Robel Knolls Suite 688\nLake Devon, KS 27111	\N	\N
970	Rogelio Kertzmann	6	63957 Maudie Mission\nEast Sydneyville, AR 20295-1614	\N	\N
971	Elisha Mann	1	86276 Waelchi Landing\nBuckbury, PA 64500	\N	\N
972	Andreane Simonis	2	25808 Blick Rapids\nNew Luthershire, AR 50505-6250	\N	\N
973	Ms. Danyka Sanford IV	7	580 Harber Avenue\nWest Gage, SD 27476-2263	\N	\N
974	Dr. Marcelina Fritsch	8	833 Paucek Forest\nNitzscheport, WV 24512-2543	\N	\N
975	Sydni Weber	3	4592 McDermott Track Apt. 120\nWest Melvinahaven, VT 97868	\N	\N
976	Bernadine Cummings	6	9739 Wiza Courts Suite 215\nPort Edenstad, AZ 22022	\N	\N
977	Joany Blick	9	95167 Constance Trail\nSouth Billyview, ND 09576	\N	\N
978	Conrad Reichel	6	9317 Farrell Groves\nO'Connellview, AZ 22844	\N	\N
979	Dr. Gunnar Howell	4	3460 Isabel Shoal\nRettahaven, IA 19526-4569	\N	\N
980	Maxime Orn	7	137 McDermott Lake\nWest Aiden, MD 56102-9265	\N	\N
981	Margot Vandervort	3	452 Hickle Hills\nWalkerstad, MT 59413-6287	\N	\N
982	Judah Hickle V	6	69421 Padberg Cliffs\nEast Gloria, MT 05486	\N	\N
983	Giovanni Bernhard	2	5298 Casper Stream\nLegrosmouth, DC 28626-5487	\N	\N
984	Genesis Schinner	3	28031 Morar Passage Suite 348\nSouth Jeremy, KY 42767-8143	\N	\N
985	Joey Kirlin	9	56019 German Stream\nAlexandroside, KY 29233	\N	\N
986	Jo VonRueden	8	4603 Clay River Apt. 947\nNorth Jaquelin, SD 12809-7452	\N	\N
987	Laurine Koelpin DDS	9	37682 Randal Plaza\nNorth Emelystad, AZ 59687	\N	\N
988	Alessandra Sauer	7	86445 Elyse Knoll Suite 264\nNew Arianeport, WV 20322-7834	\N	\N
989	Gisselle Aufderhar	2	17905 Jessyca Crossroad\nSouth Tomfurt, NH 96055	\N	\N
990	Gloria Davis	1	19388 Arvel Mount\nJimmychester, FL 98373	\N	\N
991	Dr. Cleta Torphy	1	360 Doyle Common\nAlliestad, GA 36715	\N	\N
992	Linda Schimmel Sr.	4	675 Schiller Village Suite 382\nRhetttown, MN 00652-6336	\N	\N
993	Zora Halvorson	3	2980 West Port\nEastershire, ND 64502	\N	\N
994	Mrs. Fay Roob	1	1369 Gusikowski Loop\nMaryseland, KS 49082	\N	\N
995	Kade Anderson MD	1	463 Hermann Flats\nNew Kale, SC 32631-8553	\N	\N
996	Mrs. Gracie Satterfield	6	84814 Obie Creek Apt. 312\nBradyhaven, AR 24182-0883	\N	\N
997	Retta Skiles	9	83492 Runolfsson Trafficway Apt. 701\nMertzmouth, FL 44632-5236	\N	\N
998	Mrs. Anais Lockman V	2	1586 Theo Forges\nBlockmouth, MN 46753	\N	\N
999	Amber Huels	3	53899 Blaise Land\nAyanabury, NV 61149	\N	\N
1000	Prof. Barrett Harvey	5	520 Schaefer Vista\nWest Madeline, SD 86630	\N	\N
1001	Prof. Stanton Kunde DVM	1	298 Raynor Greens Apt. 247\nNorth Myrtie, ID 81994	\N	\N
1002	Eloise Rice	9	512 Kshlerin Hill Apt. 469\nEarnestineberg, MO 16568-3350	\N	\N
1003	Sabrina Gutmann	8	2667 Wiegand Crest\nEast Clementineland, CO 49607	\N	\N
1004	Dr. Taylor Bradtke	3	89161 Christy Gardens\nEast Russton, FL 96517-1591	\N	\N
1005	Lazaro Beer MD	2	5966 Lind Cliff\nSouth Janet, MO 19936-9237	\N	\N
1006	Jordon Heidenreich	4	6445 Tremblay Drives\nJamirborough, KY 16363-1930	\N	\N
1007	Wilfred Anderson	8	28977 Cummerata Landing\nEast Modesta, KS 53942	\N	\N
1008	Lowell Romaguera II	5	6879 Sipes Lake\nLake Dina, RI 23941-2339	\N	\N
1009	ngks1	02i405295	knrqkfaekfna	2018-03-20 10:02:18	\N
\.


--
-- Name: employees_id_seq; Type: SEQUENCE SET; Schema: public; Owner: postgres
--

SELECT pg_catalog.setval('public.employees_id_seq', 1008, true);


--
-- Data for Name: migrations; Type: TABLE DATA; Schema: public; Owner: postgres
--

COPY public.migrations (id, migration, batch) FROM stdin;
1	2016_08_07_145904_add_table_cms_apicustom	1
2	2016_08_07_150834_add_table_cms_dashboard	1
3	2016_08_07_151210_add_table_cms_logs	1
4	2016_08_07_151211_add_details_cms_logs	1
5	2016_08_07_152014_add_table_cms_privileges	1
6	2016_08_07_152214_add_table_cms_privileges_roles	1
7	2016_08_07_152320_add_table_cms_settings	1
8	2016_08_07_152421_add_table_cms_users	1
9	2016_08_07_154624_add_table_cms_menus_privileges	1
10	2016_08_07_154624_add_table_cms_moduls	1
11	2016_08_17_225409_add_status_cms_users	1
12	2016_08_20_125418_add_table_cms_notifications	1
13	2016_09_04_033706_add_table_cms_email_queues	1
14	2016_09_16_035347_add_group_setting	1
15	2016_09_16_045425_add_label_setting	1
16	2016_09_17_104728_create_nullable_cms_apicustom	1
17	2016_10_01_141740_add_method_type_apicustom	1
18	2016_10_01_141846_add_parameters_apicustom	1
19	2016_10_01_141934_add_responses_apicustom	1
20	2016_10_01_144826_add_table_apikey	1
21	2016_11_14_141657_create_cms_menus	1
22	2016_11_15_132350_create_cms_email_templates	1
23	2016_11_15_190410_create_cms_statistics	1
24	2016_11_17_102740_create_cms_statistic_components	1
25	2017_06_06_164501_add_deleted_at_cms_moduls	1
26	2018_03_20_070425_create_employees_table	2
\.


--
-- Name: migrations_id_seq; Type: SEQUENCE SET; Schema: public; Owner: postgres
--

SELECT pg_catalog.setval('public.migrations_id_seq', 26, true);


--
-- Name: cms_apicustom_pkey; Type: CONSTRAINT; Schema: public; Owner: postgres; Tablespace: 
--

ALTER TABLE ONLY public.cms_apicustom
    ADD CONSTRAINT cms_apicustom_pkey PRIMARY KEY (id);


--
-- Name: cms_apikey_pkey; Type: CONSTRAINT; Schema: public; Owner: postgres; Tablespace: 
--

ALTER TABLE ONLY public.cms_apikey
    ADD CONSTRAINT cms_apikey_pkey PRIMARY KEY (id);


--
-- Name: cms_dashboard_pkey; Type: CONSTRAINT; Schema: public; Owner: postgres; Tablespace: 
--

ALTER TABLE ONLY public.cms_dashboard
    ADD CONSTRAINT cms_dashboard_pkey PRIMARY KEY (id);


--
-- Name: cms_email_queues_pkey; Type: CONSTRAINT; Schema: public; Owner: postgres; Tablespace: 
--

ALTER TABLE ONLY public.cms_email_queues
    ADD CONSTRAINT cms_email_queues_pkey PRIMARY KEY (id);


--
-- Name: cms_email_templates_pkey; Type: CONSTRAINT; Schema: public; Owner: postgres; Tablespace: 
--

ALTER TABLE ONLY public.cms_email_templates
    ADD CONSTRAINT cms_email_templates_pkey PRIMARY KEY (id);


--
-- Name: cms_logs_pkey; Type: CONSTRAINT; Schema: public; Owner: postgres; Tablespace: 
--

ALTER TABLE ONLY public.cms_logs
    ADD CONSTRAINT cms_logs_pkey PRIMARY KEY (id);


--
-- Name: cms_menus_pkey; Type: CONSTRAINT; Schema: public; Owner: postgres; Tablespace: 
--

ALTER TABLE ONLY public.cms_menus
    ADD CONSTRAINT cms_menus_pkey PRIMARY KEY (id);


--
-- Name: cms_menus_privileges_pkey; Type: CONSTRAINT; Schema: public; Owner: postgres; Tablespace: 
--

ALTER TABLE ONLY public.cms_menus_privileges
    ADD CONSTRAINT cms_menus_privileges_pkey PRIMARY KEY (id);


--
-- Name: cms_moduls_pkey; Type: CONSTRAINT; Schema: public; Owner: postgres; Tablespace: 
--

ALTER TABLE ONLY public.cms_moduls
    ADD CONSTRAINT cms_moduls_pkey PRIMARY KEY (id);


--
-- Name: cms_notifications_pkey; Type: CONSTRAINT; Schema: public; Owner: postgres; Tablespace: 
--

ALTER TABLE ONLY public.cms_notifications
    ADD CONSTRAINT cms_notifications_pkey PRIMARY KEY (id);


--
-- Name: cms_privileges_pkey; Type: CONSTRAINT; Schema: public; Owner: postgres; Tablespace: 
--

ALTER TABLE ONLY public.cms_privileges
    ADD CONSTRAINT cms_privileges_pkey PRIMARY KEY (id);


--
-- Name: cms_privileges_roles_pkey; Type: CONSTRAINT; Schema: public; Owner: postgres; Tablespace: 
--

ALTER TABLE ONLY public.cms_privileges_roles
    ADD CONSTRAINT cms_privileges_roles_pkey PRIMARY KEY (id);


--
-- Name: cms_settings_pkey; Type: CONSTRAINT; Schema: public; Owner: postgres; Tablespace: 
--

ALTER TABLE ONLY public.cms_settings
    ADD CONSTRAINT cms_settings_pkey PRIMARY KEY (id);


--
-- Name: cms_statistic_components_pkey; Type: CONSTRAINT; Schema: public; Owner: postgres; Tablespace: 
--

ALTER TABLE ONLY public.cms_statistic_components
    ADD CONSTRAINT cms_statistic_components_pkey PRIMARY KEY (id);


--
-- Name: cms_statistics_pkey; Type: CONSTRAINT; Schema: public; Owner: postgres; Tablespace: 
--

ALTER TABLE ONLY public.cms_statistics
    ADD CONSTRAINT cms_statistics_pkey PRIMARY KEY (id);


--
-- Name: cms_users_pkey; Type: CONSTRAINT; Schema: public; Owner: postgres; Tablespace: 
--

ALTER TABLE ONLY public.cms_users
    ADD CONSTRAINT cms_users_pkey PRIMARY KEY (id);


--
-- Name: employees_pkey; Type: CONSTRAINT; Schema: public; Owner: postgres; Tablespace: 
--

ALTER TABLE ONLY public.employees
    ADD CONSTRAINT employees_pkey PRIMARY KEY (id);


--
-- Name: migrations_pkey; Type: CONSTRAINT; Schema: public; Owner: postgres; Tablespace: 
--

ALTER TABLE ONLY public.migrations
    ADD CONSTRAINT migrations_pkey PRIMARY KEY (id);


--
-- Name: SCHEMA public; Type: ACL; Schema: -; Owner: postgres
--

REVOKE ALL ON SCHEMA public FROM PUBLIC;
REVOKE ALL ON SCHEMA public FROM postgres;
GRANT ALL ON SCHEMA public TO postgres;
GRANT ALL ON SCHEMA public TO PUBLIC;


--
-- PostgreSQL database dump complete
--

